dtime,timestamp,open,high,low,close,vwap,volume,trades,pair
2024-10-14 16:00:00,1728921600,60200.1,60454.9,59875.7,60336.7,60148.5,204.22043833,8462,XXBTZEUR
2024-10-14 20:00:00,1728936000,60339.3,60788.1,60100.0,60452.0,60479.1,88.67326056,4281,XXBTZEUR
2024-10-15 00:00:00,1728950400,60452.0,60696.0,59831.0,59886.7,60280.2,26.51028286,1796,XXBTZEUR
2024-10-15 04:00:00,1728964800,59886.7,60383.5,59749.5,60200.0,60139.6,81.25352783,4950,XXBTZEUR
2024-10-15 08:00:00,1728979200,60200.9,60291.9,59877.1,59900.0,60151.2,100.49044445,4673,XXBTZEUR
2024-10-15 12:00:00,1728993600,59965.0,62145.5,59400.0,60527.0,60767.6,373.41751311,10498,XXBTZEUR
2024-10-15 16:00:00,1729008000,60527.0,61861.3,60505.0,61432.1,61265.5,147.3717451,5890,XXBTZEUR
2024-10-15 20:00:00,1729022400,61444.1,61569.7,60628.5,61519.9,61131.5,51.62698968,3088,XXBTZEUR
2024-10-16 00:00:00,1729036800,61520.0,61919.2,61282.7,61569.6,61743.1,42.57401948,1785,XXBTZEUR
2024-10-16 04:00:00,1729051200,61569.6,61802.7,61355.4,61480.9,61559.3,59.5706635,4538,XXBTZEUR
2024-10-16 08:00:00,1729065600,61496.2,62699.0,61482.0,62290.6,62078.8,271.76082894,7430,XXBTZEUR
2024-10-16 12:00:00,1729080000,62273.9,62691.9,61624.3,62274.1,62210.3,144.60697078,5663,XXBTZEUR
2024-10-16 16:00:00,1729094400,62274.1,62622.0,62070.5,62376.2,62442.7,83.88140299,3717,XXBTZEUR
2024-10-16 20:00:00,1729108800,62359.7,62511.9,62110.0,62260.1,62341.5,30.52305659,2118,XXBTZEUR
2024-10-17 00:00:00,1729123200,62260.0,62501.7,62079.1,62275.7,62215.1,23.14899377,1266,XXBTZEUR
2024-10-17 04:00:00,1729137600,62275.8,62275.8,61793.8,61962.3,62044.0,121.82028535,3432,XXBTZEUR
2024-10-17 08:00:00,1729152000,61962.3,62155.0,61428.0,61495.9,61745.4,141.81645647,4009,XXBTZEUR
2024-10-17 12:00:00,1729166400,61511.9,62349.4,61451.9,62300.3,61786.6,279.83694031,5600,XXBTZEUR
2024-10-17 16:00:00,1729180800,62300.4,62336.9,61581.9,61662.1,61917.7,58.07201565,3243,XXBTZEUR
2024-10-17 20:00:00,1729195200,61674.0,62207.6,61671.5,62184.0,61951.5,20.89679062,2136,XXBTZEUR
2024-10-18 00:00:00,1729209600,62187.9,62862.5,61968.8,62343.9,62620.4,51.4893754,2296,XXBTZEUR
2024-10-18 04:00:00,1729224000,62262.0,62937.0,62262.0,62664.1,62624.5,76.43483166,4365,XXBTZEUR
2024-10-18 08:00:00,1729238400,62664.2,62709.4,62350.0,62359.7,62535.4,166.89347697,4118,XXBTZEUR
2024-10-18 12:00:00,1729252800,62359.6,63413.0,62278.1,63323.0,62811.0,210.96353202,5781,XXBTZEUR
2024-10-18 16:00:00,1729267200,63323.1,63422.4,63000.0,63137.7,63270.1,98.08467492,3904,XXBTZEUR
2024-10-18 20:00:00,1729281600,63137.7,63189.9,62754.0,62958.7,62968.9,26.67900691,1869,XXBTZEUR
2024-10-19 00:00:00,1729296000,62958.7,63170.6,62842.6,62952.2,62974.9,9.23853918,1053,XXBTZEUR
2024-10-19 04:00:00,1729310400,62956.9,63061.0,62874.6,62885.1,62901.9,17.01190228,1850,XXBTZEUR
2024-10-19 08:00:00,1729324800,62885.1,62972.6,62634.1,62640.0,62846.8,25.86970562,2741,XXBTZEUR
2024-10-19 12:00:00,1729339200,62640.1,62800.0,62640.0,62731.8,62729.1,28.61948474,2585,XXBTZEUR
2024-10-19 16:00:00,1729353600,62731.8,62751.2,62600.0,62718.2,62656.8,23.14103921,2323,XXBTZEUR
2024-10-19 20:00:00,1729368000,62718.2,62871.3,62700.0,62838.3,62766.8,9.36938436,1517,XXBTZEUR
2024-10-20 00:00:00,1729382400,62843.5,62877.0,62611.0,62650.2,62689.3,4.90007983,1273,XXBTZEUR
2024-10-20 04:00:00,1729396800,62650.2,62876.8,62638.9,62827.3,62716.6,12.8853553,1745,XXBTZEUR
2024-10-20 08:00:00,1729411200,62827.4,62877.0,62778.7,62850.1,62837.8,21.50371971,2153,XXBTZEUR
2024-10-20 12:00:00,1729425600,62838.3,63082.0,62643.4,62986.2,62925.5,54.63125346,3119,XXBTZEUR
2024-10-20 16:00:00,1729440000,62990.2,63000.0,62841.8,62898.0,62927.2,23.87433748,2262,XXBTZEUR
2024-10-20 20:00:00,1729454400,62886.5,63696.9,62861.8,63405.9,63281.8,72.72214992,3683,XXBTZEUR
2024-10-21 00:00:00,1729468800,63405.9,63823.0,63080.1,63354.2,63585.2,18.52883903,1472,XXBTZEUR
2024-10-21 04:00:00,1729483200,63354.2,63627.1,63100.0,63101.2,63322.4,44.57161812,4843,XXBTZEUR
2024-10-21 08:00:00,1729497600,63102.1,63200.0,62722.0,62801.6,62930.0,128.38929121,5496,XXBTZEUR
2024-10-21 12:00:00,1729512000,62795.8,62886.0,61707.0,62153.0,62128.4,241.63232102,6936,XXBTZEUR
2024-10-21 16:00:00,1729526400,62153.8,62700.0,61803.0,62556.5,62227.4,74.54189915,5285,XXBTZEUR
2024-10-21 20:00:00,1729540800,62556.5,62725.1,62232.2,62232.2,62526.9,24.93649214,2130,XXBTZEUR
2024-10-22 00:00:00,1729555200,62232.1,62477.2,61555.0,62238.3,61999.2,12.65315674,1472,XXBTZEUR
2024-10-22 04:00:00,1729569600,62237.5,62581.7,62132.7,62147.8,62373.0,50.45291645,3726,XXBTZEUR
2024-10-22 08:00:00,1729584000,62147.7,62256.0,61613.7,62142.0,61903.3,119.50885006,4777,XXBTZEUR
2024-10-22 12:00:00,1729598400,62142.0,62591.1,61685.0,62216.6,62247.2,150.58750032,4842,XXBTZEUR
2024-10-22 16:00:00,1729612800,62214.1,63150.0,61860.0,62464.6,62491.2,142.25420854,3520,XXBTZEUR
2024-10-22 20:00:00,1729627200,62464.7,62758.8,62251.7,62397.2,62498.7,26.38653735,2519,XXBTZEUR
2024-10-23 00:00:00,1729641600,62397.1,62414.9,61915.8,62000.0,62146.8,10.73679384,1221,XXBTZEUR
2024-10-23 04:00:00,1729656000,62000.0,62284.7,61900.0,61947.1,62062.2,41.4929016,3358,XXBTZEUR
2024-10-23 08:00:00,1729670400,61944.2,62070.1,61332.2,61654.6,61655.5,136.37006182,5042,XXBTZEUR
2024-10-23 12:00:00,1729684800,61654.5,61954.5,61124.7,61366.7,61632.8,275.18186969,5183,XXBTZEUR
2024-10-23 16:00:00,1729699200,61366.8,61596.4,60525.0,61503.0,61063.7,199.86240644,5149,XXBTZEUR
2024-10-23 20:00:00,1729713600,61503.0,61871.0,61410.6,61800.1,61578.8,52.11306926,1883,XXBTZEUR
2024-10-24 00:00:00,1729728000,61800.1,62599.7,61626.7,62250.1,62275.4,18.34400235,1423,XXBTZEUR
2024-10-24 04:00:00,1729742400,62250.1,62465.0,62054.5,62117.9,62309.3,41.71966773,2938,XXBTZEUR
2024-10-24 08:00:00,1729756800,62115.8,62280.0,61705.4,62225.2,61936.5,186.80318504,3633,XXBTZEUR
2024-10-24 12:00:00,1729771200,62250.0,62888.8,62248.5,62612.6,62601.3,103.26484546,4144,XXBTZEUR
2024-10-24 16:00:00,1729785600,62612.7,63005.0,62302.4,63005.0,62600.7,101.42117764,3154,XXBTZEUR
2024-10-24 20:00:00,1729800000,63004.9,63490.0,62751.8,62957.9,63035.9,95.90966454,2596,XXBTZEUR
2024-10-25 00:00:00,1729814400,62958.0,62986.4,62666.0,62813.1,62738.2,14.77911379,1259,XXBTZEUR
2024-10-25 04:00:00,1729828800,62813.1,62838.9,62141.1,62324.9,62463.9,53.71069282,3456,XXBTZEUR
2024-10-25 08:00:00,1729843200,62330.0,62920.1,62139.6,62890.1,62429.2,159.23178517,4141,XXBTZEUR
2024-10-25 12:00:00,1729857600,62890.0,63433.2,62377.1,62562.1,63042.1,112.34034371,4342,XXBTZEUR
2024-10-25 16:00:00,1729872000,62562.1,62755.2,61001.2,61866.0,61925.0,147.30080852,4319,XXBTZEUR
2024-10-25 20:00:00,1729886400,61824.0,62305.9,60813.6,61785.3,61480.0,104.54632923,3081,XXBTZEUR
2024-10-26 00:00:00,1729900800,61725.1,62057.0,61536.0,61975.1,61774.3,17.69302238,946,XXBTZEUR
2024-10-26 04:00:00,1729915200,61975.1,62270.0,61913.8,62060.9,62132.5,8.84472067,2591,XXBTZEUR
2024-10-26 08:00:00,1729929600,62056.5,62257.0,62040.0,62170.7,62167.5,25.73227868,1869,XXBTZEUR
2024-10-26 12:00:00,1729944000,62174.2,62212.3,61812.6,61947.6,61960.3,31.65921013,2048,XXBTZEUR
2024-10-26 16:00:00,1729958400,61947.6,62184.7,61853.2,62166.6,62040.4,39.52854828,2176,XXBTZEUR
2024-10-26 20:00:00,1729972800,62166.5,62390.9,62129.0,62129.0,62245.3,17.34869492,1514,XXBTZEUR
2024-10-27 00:00:00,1729987200,62129.1,62284.0,62000.0,62284.0,62134.3,3.68044047,782,XXBTZEUR
2024-10-27 04:00:00,1730001600,62284.0,62305.6,62133.6,62208.0,62179.1,5.88838418,1815,XXBTZEUR
2024-10-27 08:00:00,1730016000,62208.0,62271.4,62069.4,62145.3,62189.9,14.25068032,1873,XXBTZEUR
2024-10-27 12:00:00,1730030400,62143.5,62725.9,62136.7,62680.0,62440.0,61.32425389,3006,XXBTZEUR
2024-10-27 16:00:00,1730044800,62680.0,62810.9,62465.1,62731.9,62675.5,116.32386314,2461,XXBTZEUR
2024-10-27 20:00:00,1730059200,62732.0,63152.2,62634.1,62915.9,62992.1,58.78077267,2064,XXBTZEUR
2024-10-28 00:00:00,1730073600,62914.2,62965.0,62666.6,62733.2,62802.3,3.65244335,811,XXBTZEUR
2024-10-28 04:00:00,1730088000,62730.1,63450.0,62646.3,63250.1,63178.3,41.61833563,3107,XXBTZEUR
2024-10-28 08:00:00,1730102400,63250.0,63500.0,63001.4,63470.8,63299.7,123.18962,5014,XXBTZEUR
2024-10-28 12:00:00,1730116800,63470.8,63930.0,63255.2,63267.3,63579.5,186.34936079,5701,XXBTZEUR
2024-10-28 16:00:00,1730131200,63267.3,64520.0,63234.7,64318.3,63827.0,314.06564222,6095,XXBTZEUR
2024-10-28 20:00:00,1730145600,64318.4,64849.9,64094.7,64551.5,64493.0,114.07014508,4291,XXBTZEUR
2024-10-29 00:00:00,1730160000,64551.5,65983.0,64410.0,65500.2,65287.1,136.03578247,5258,XXBTZEUR
2024-10-29 04:00:00,1730174400,65500.2,65801.0,65492.5,65520.9,65578.3,126.71276355,4953,XXBTZEUR
2024-10-29 08:00:00,1730188800,65520.9,66100.0,65520.8,66041.0,65856.2,363.09895858,15155,XXBTZEUR
2024-10-29 12:00:00,1730203200,66041.1,67000.0,65708.7,66995.9,66410.0,631.80555332,10319,XXBTZEUR
2024-10-29 16:00:00,1730217600,66995.9,67999.0,66915.7,66954.9,67364.3,525.53560941,11060,XXBTZEUR
2024-10-29 20:00:00,1730232000,66969.8,67326.5,66322.9,67124.2,66864.5,227.2225735,6383,XXBTZEUR
2024-10-30 00:00:00,1730246400,67124.2,67148.6,66459.6,66699.1,66697.4,33.21253835,1763,XXBTZEUR
2024-10-30 04:00:00,1730260800,66699.1,67000.0,66617.9,66712.3,66779.3,59.13789994,2972,XXBTZEUR
2024-10-30 08:00:00,1730275200,66712.4,66940.3,66353.3,66435.0,66693.0,121.21083599,5120,XXBTZEUR
2024-10-30 12:00:00,1730289600,66435.2,66743.5,65934.0,66324.1,66398.3,302.00223356,5556,XXBTZEUR
2024-10-30 16:00:00,1730304000,66324.0,66444.0,65916.7,66127.4,66202.0,91.78429941,3590,XXBTZEUR
2024-10-30 20:00:00,1730318400,66116.6,67129.5,66000.0,66600.3,66610.4,63.30967102,3056,XXBTZEUR
2024-10-31 00:00:00,1730332800,66600.2,66831.0,66348.4,66653.0,66575.6,12.9518744,1137,XXBTZEUR
2024-10-31 04:00:00,1730347200,66662.7,66737.4,66449.5,66680.1,66652.5,142.4296082,3408,XXBTZEUR
2024-10-31 08:00:00,1730361600,66680.1,66831.0,66430.9,66451.9,66567.3,88.17352286,4085,XXBTZEUR
2024-10-31 12:00:00,1730376000,66452.0,66503.4,64903.8,65011.7,65491.6,212.89479238,6087,XXBTZEUR
2024-10-31 16:00:00,1730390400,65023.8,65243.2,64350.0,64350.0,64837.8,120.5505998,4835,XXBTZEUR
2024-10-31 20:00:00,1730404800,64350.0,64830.0,64017.4,64531.9,64457.6,63.85266924,3502,XXBTZEUR
2024-11-01 00:00:00,1730419200,64537.4,64690.5,63250.0,63753.2,63847.1,45.10800995,2457,XXBTZEUR
2024-11-01 04:00:00,1730433600,63753.2,64060.9,63520.0,63696.4,63774.6,41.36879401,3948,XXBTZEUR
2024-11-01 08:00:00,1730448000,63696.5,64626.0,63669.0,64402.0,64222.1,70.23738873,5565,XXBTZEUR
2024-11-01 12:00:00,1730462400,64402.0,65888.0,63670.1,63954.7,64887.2,159.97874621,6658,XXBTZEUR
2024-11-01 16:00:00,1730476800,63962.8,64942.0,63501.0,63955.5,64179.3,76.42732673,3825,XXBTZEUR
2024-11-01 20:00:00,1730491200,63898.6,64218.0,63553.4,64170.5,63913.0,22.03586216,2453,XXBTZEUR
2024-11-02 00:00:00,1730505600,64170.5,64509.1,64157.3,64278.9,64321.1,5.04449564,990,XXBTZEUR
2024-11-02 04:00:00,1730520000,64278.9,64471.0,64146.9,64466.4,64375.7,32.38899512,1928,XXBTZEUR
2024-11-02 08:00:00,1730534400,64466.4,64484.3,64131.8,64287.4,64295.3,18.29860406,2261,XXBTZEUR
2024-11-02 12:00:00,1730548800,64287.1,64350.0,63802.0,64135.5,64089.1,20.5017586,2320,XXBTZEUR
2024-11-02 16:00:00,1730563200,64135.4,64289.0,64000.0,64242.7,64126.5,21.32133342,2414,XXBTZEUR
2024-11-02 20:00:00,1730577600,64242.6,64285.0,63912.4,64040.0,64150.5,16.25311313,1578,XXBTZEUR
2024-11-03 00:00:00,1730592000,64040.0,64089.6,62763.8,63192.1,63274.0,87.2447196,2652,XXBTZEUR
2024-11-03 04:00:00,1730606400,63192.1,63663.4,63135.6,63210.6,63409.6,52.76862744,1792,XXBTZEUR
2024-11-03 08:00:00,1730620800,63210.6,63380.0,63075.0,63176.4,63258.8,26.90614171,2184,XXBTZEUR
2024-11-03 12:00:00,1730635200,63176.4,63354.0,62301.0,62894.1,62605.5,153.39286915,4025,XXBTZEUR
2024-11-03 16:00:00,1730649600,62890.1,63408.1,62593.1,63396.7,63087.3,53.03554284,2702,XXBTZEUR
2024-11-03 20:00:00,1730664000,63396.6,63890.4,63157.3,63309.9,63615.6,281.57672817,4332,XXBTZEUR
2024-11-04 00:00:00,1730678400,63309.9,63748.7,62825.5,63318.2,63186.6,16.94377841,1537,XXBTZEUR
2024-11-04 04:00:00,1730692800,63318.2,63657.6,63000.0,63000.1,63285.3,18.96581915,2551,XXBTZEUR
2024-11-04 08:00:00,1730707200,63000.1,63245.0,62840.0,62990.1,63023.8,60.94534204,5703,XXBTZEUR
2024-11-04 12:00:00,1730721600,62990.1,63485.7,62593.1,63005.2,62978.2,97.02671336,5320,XXBTZEUR
2024-11-04 16:00:00,1730736000,63005.1,63114.1,61750.0,62380.1,62334.3,133.64627087,5073,XXBTZEUR
2024-11-04 20:00:00,1730750400,62380.0,62562.8,61431.3,62364.0,62034.4,87.947109,3707,XXBTZEUR
2024-11-05 00:00:00,1730764800,62363.3,62675.1,62062.1,62675.1,62436.6,21.51300008,1222,XXBTZEUR
2024-11-05 04:00:00,1730779200,62675.1,63322.3,62675.0,63282.1,63093.0,48.19357439,3918,XXBTZEUR
2024-11-05 08:00:00,1730793600,63282.2,63400.0,62982.1,63124.6,63179.4,76.47345019,5356,XXBTZEUR
2024-11-05 12:00:00,1730808000,63124.6,64470.6,63030.0,63873.1,63577.5,213.33822348,5929,XXBTZEUR
2024-11-05 16:00:00,1730822400,63873.0,64587.3,62840.9,63201.3,64068.0,165.96407898,5936,XXBTZEUR
2024-11-05 20:00:00,1730836800,63157.3,64000.0,63043.5,63482.7,63537.4,98.02832134,3476,XXBTZEUR
2024-11-06 00:00:00,1730851200,63483.2,69706.0,63401.4,69163.0,67301.9,472.2292598,9282,XXBTZEUR
2024-11-06 04:00:00,1730865600,69161.9,70217.5,68152.3,68342.7,69298.1,693.53128624,13574,XXBTZEUR
2024-11-06 08:00:00,1730880000,68342.8,69464.4,67573.8,69348.0,68397.6,363.93169866,11300,XXBTZEUR
2024-11-06 12:00:00,1730894400,69342.0,69828.1,68594.6,69240.8,69238.6,291.28654832,8529,XXBTZEUR
2024-11-06 16:00:00,1730908800,69240.1,70664.3,69136.4,70648.5,69799.4,342.6938574,9689,XXBTZEUR
2024-11-06 20:00:00,1730923200,70648.5,71106.7,70381.0,70390.0,70648.6,238.18474866,7773,XXBTZEUR
2024-11-07 00:00:00,1730937600,70390.0,70800.0,69825.0,69825.9,70329.6,69.61922564,2979,XXBTZEUR
2024-11-07 04:00:00,1730952000,69825.9,69825.9,69233.9,69564.1,69556.4,88.59112247,4510,XXBTZEUR
2024-11-07 08:00:00,1730966400,69564.1,69800.0,69420.6,69437.5,69630.7,146.05145637,5618,XXBTZEUR
2024-11-07 12:00:00,1730980800,69437.5,70396.4,69000.0,70394.2,69543.8,182.87152649,6256,XXBTZEUR
2024-11-07 16:00:00,1730995200,70400.0,71043.4,70104.0,70999.4,70621.1,231.70882698,7169,XXBTZEUR
2024-11-07 20:00:00,1731009600,70999.4,71141.8,69903.2,70301.1,70525.6,171.88912963,4784,XXBTZEUR
2024-11-08 00:00:00,1731024000,70316.2,70800.0,70148.0,70446.7,70496.8,27.30527565,1770,XXBTZEUR
2024-11-08 04:00:00,1731038400,70446.6,70800.0,70229.3,70730.5,70483.6,65.50589983,3406,XXBTZEUR
2024-11-08 08:00:00,1731052800,70730.5,70873.5,70342.2,70550.1,70539.8,116.11774131,5078,XXBTZEUR
2024-11-08 12:00:00,1731067200,70550.1,71300.0,70424.0,71185.1,70853.1,166.97638034,5755,XXBTZEUR
2024-11-08 16:00:00,1731081600,71185.1,72100.0,70840.0,71925.2,71650.8,258.12400605,5944,XXBTZEUR
2024-11-08 20:00:00,1731096000,71923.0,72072.0,71285.4,71456.5,71541.2,80.67052275,3063,XXBTZEUR
2024-11-09 00:00:00,1731110400,71448.8,71579.9,71160.2,71302.3,71398.0,17.16236421,1337,XXBTZEUR
2024-11-09 04:00:00,1731124800,71302.3,71688.1,71285.0,71484.7,71431.5,17.97351309,1764,XXBTZEUR
2024-11-09 08:00:00,1731139200,71484.7,71600.0,71388.1,71445.5,71468.9,58.6651574,2921,XXBTZEUR
2024-11-09 12:00:00,1731153600,71445.6,71474.0,71251.2,71272.4,71318.2,35.60300884,2651,XXBTZEUR
2024-11-09 16:00:00,1731168000,71272.5,71550.0,70685.1,71130.8,71045.1,164.75240421,3504,XXBTZEUR
2024-11-09 20:00:00,1731182400,71132.9,71782.0,71109.6,71565.6,71446.7,48.08368261,2274,XXBTZEUR
2024-11-10 00:00:00,1731196800,71562.0,72258.8,71430.8,72010.6,71960.4,104.93291473,2120,XXBTZEUR
2024-11-10 04:00:00,1731211200,72010.6,74187.3,72010.5,73391.5,73375.0,416.4687342,7280,XXBTZEUR
2024-11-10 08:00:00,1731225600,73391.5,74567.9,73391.4,74480.0,74108.3,221.41800126,5948,XXBTZEUR
2024-11-10 12:00:00,1731240000,74480.1,74624.4,73777.0,74197.8,74190.2,216.81355407,5589,XXBTZEUR
2024-11-10 16:00:00,1731254400,74197.7,75373.5,73937.5,74214.5,74804.6,439.31851687,8294,XXBTZEUR
2024-11-10 20:00:00,1731268800,74214.4,75700.0,72552.6,74864.8,74020.2,478.08465374,10160,XXBTZEUR
2024-11-11 00:00:00,1731283200,74851.0,76272.5,74673.3,76130.8,75525.7,118.49030324,3488,XXBTZEUR
2024-11-11 04:00:00,1731297600,76121.7,76219.0,75022.5,75767.3,75599.9,96.29533468,4493,XXBTZEUR
2024-11-11 08:00:00,1731312000,75767.2,77000.0,75719.2,76989.3,76366.5,364.32896329,10749,XXBTZEUR
2024-11-11 12:00:00,1731326400,76989.3,78932.9,76362.7,78777.0,77540.2,699.39410369,17584,XXBTZEUR
2024-11-11 16:00:00,1731340800,78776.9,80589.0,78324.1,80497.9,79361.0,1021.46174122,25661,XXBTZEUR
2024-11-11 20:00:00,1731355200,80497.8,82188.0,78500.0,82187.9,80866.4,1067.54335744,26242,XXBTZEUR
2024-11-12 00:00:00,1731369600,82188.0,82850.0,80572.0,81846.6,81716.0,223.52432221,7691,XXBTZEUR
2024-11-12 04:00:00,1731384000,81846.7,83844.0,81572.1,83295.7,83077.3,355.21482891,13383,XXBTZEUR
2024-11-12 08:00:00,1731398400,83295.7,83430.7,78235.7,81760.0,81293.0,837.94907089,25262,XXBTZEUR
2024-11-12 12:00:00,1731412800,81736.0,82366.3,79859.3,81494.6,81113.0,443.47565142,14980,XXBTZEUR
2024-11-12 16:00:00,1731427200,81525.4,84300.0,80721.7,83349.9,82975.7,421.14114481,14159,XXBTZEUR
2024-11-12 20:00:00,1731441600,83349.9,84182.1,81976.4,82488.0,83076.0,198.60494807,8795,XXBTZEUR
2024-11-13 00:00:00,1731456000,82456.0,83026.9,81634.5,81844.5,82507.8,39.21130912,2717,XXBTZEUR
2024-11-13 04:00:00,1731470400,81844.4,82388.2,80751.0,82376.2,81542.5,198.8020769,8758,XXBTZEUR
2024-11-13 08:00:00,1731484800,82353.6,82900.1,82033.8,82517.3,82364.1,227.2759899,9346,XXBTZEUR
2024-11-13 12:00:00,1731499200,82517.2,87300.0,82393.1,87296.1,85331.4,861.46922849,20797,XXBTZEUR
2024-11-13 16:00:00,1731513600,87294.7,87900.0,84800.0,85117.8,86788.9,650.16726415,16882,XXBTZEUR
2024-11-13 20:00:00,1731528000,85117.7,85991.3,83074.0,85446.0,84496.6,449.30839911,10074,XXBTZEUR
2024-11-14 00:00:00,1731542400,85446.0,85600.0,84678.8,85132.9,85118.7,48.44699039,2291,XXBTZEUR
2024-11-14 04:00:00,1731556800,85129.1,86000.0,84521.0,85990.1,85177.0,98.90527672,5811,XXBTZEUR
2024-11-14 08:00:00,1731571200,85990.1,87000.0,85685.8,86905.1,86361.1,219.0565038,9015,XXBTZEUR
2024-11-14 12:00:00,1731585600,86903.9,86980.6,83107.7,83190.5,84986.4,325.68857173,10434,XXBTZEUR
2024-11-14 16:00:00,1731600000,83190.5,84988.9,82952.2,84838.5,84322.3,487.2193591,9409,XXBTZEUR
2024-11-14 20:00:00,1731614400,84837.3,84837.3,82300.3,82884.8,83331.1,225.09733555,6919,XXBTZEUR
2024-11-15 00:00:00,1731628800,82907.0,83975.1,82858.8,83737.1,83674.0,30.35813218,2056,XXBTZEUR
2024-11-15 04:00:00,1731643200,83737.1,83741.7,82677.0,83014.0,83266.1,102.20565134,5496,XXBTZEUR
2024-11-15 08:00:00,1731657600,83014.0,84800.0,82811.0,84799.9,84032.3,215.24183937,6844,XXBTZEUR
2024-11-15 12:00:00,1731672000,84800.0,85729.0,83384.0,83950.9,84700.1,236.45162239,8023,XXBTZEUR
2024-11-15 16:00:00,1731686400,83962.0,86150.0,83920.1,85751.2,85053.9,230.5496007,5596,XXBTZEUR
2024-11-15 20:00:00,1731700800,85758.3,87040.0,85717.0,86291.4,86607.6,263.11132362,6859,XXBTZEUR
2024-11-16 00:00:00,1731715200,86272.0,86869.0,86153.3,86448.1,86423.3,164.31788004,2201,XXBTZEUR
2024-11-16 04:00:00,1731729600,86448.3,86868.8,86272.9,86357.8,86535.5,44.73915577,2835,XXBTZEUR
2024-11-16 08:00:00,1731744000,86357.7,86700.0,86200.0,86303.0,86496.4,96.17335271,4660,XXBTZEUR
2024-11-16 12:00:00,1731758400,86303.1,86416.5,85278.0,85653.4,85854.9,108.49465562,5292,XXBTZEUR
2024-11-16 16:00:00,1731772800,85653.5,86476.8,85400.0,86216.0,86034.2,68.49374846,4311,XXBTZEUR
2024-11-16 20:00:00,1731787200,86216.0,86279.4,85522.1,85643.2,85889.7,60.46785143,2864,XXBTZEUR
2024-11-17 00:00:00,1731801600,85710.1,85978.2,84649.7,85344.1,85348.8,30.63427651,1959,XXBTZEUR
2024-11-17 04:00:00,1731816000,85344.1,85907.2,85273.5,85578.9,85567.5,18.00350749,2477,XXBTZEUR
2024-11-17 08:00:00,1731830400,85578.9,86400.0,85535.7,85772.6,86039.7,63.11779549,3802,XXBTZEUR
2024-11-17 12:00:00,1731844800,85772.6,86186.0,85100.0,85408.1,85544.1,72.60099378,3783,XXBTZEUR
2024-11-17 16:00:00,1731859200,85408.2,85726.3,84854.5,85191.3,85268.3,59.27039502,4355,XXBTZEUR
2024-11-17 20:00:00,1731873600,85191.3,85360.1,84095.0,85101.0,84748.7,88.36665696,4259,XXBTZEUR
2024-11-18 00:00:00,1731888000,85101.0,85999.9,84922.2,85922.1,85367.7,50.75860024,2087,XXBTZEUR
2024-11-18 04:00:00,1731902400,85926.0,87322.1,85700.0,86851.3,86690.5,123.46375467,6257,XXBTZEUR
2024-11-18 08:00:00,1731916800,86851.4,87231.9,85416.6,85595.1,86677.8,181.76218268,8324,XXBTZEUR
2024-11-18 12:00:00,1731931200,85573.7,87456.0,84611.3,87297.5,86022.6,301.47309446,8748,XXBTZEUR
2024-11-18 16:00:00,1731945600,87297.5,87489.0,84688.5,85579.9,85901.1,136.41250715,6164,XXBTZEUR
2024-11-18 20:00:00,1731960000,85579.9,86800.0,85250.0,85430.9,86243.8,199.51127459,4666,XXBTZEUR
2024-11-19 00:00:00,1731974400,85431.0,86342.9,85328.0,86282.6,85794.0,12.96739503,1418,XXBTZEUR
2024-11-19 04:00:00,1731988800,86296.1,86900.0,86148.5,86631.8,86628.4,71.78072429,3758,XXBTZEUR
2024-11-19 08:00:00,1732003200,86631.8,87000.0,86448.4,86800.0,86777.3,113.24843963,4680,XXBTZEUR
2024-11-19 12:00:00,1732017600,86800.1,87670.7,86101.5,87331.7,86982.3,282.28153251,6962,XXBTZEUR
2024-11-19 16:00:00,1732032000,87331.6,88650.0,87144.1,88000.0,88045.4,479.65592754,10474,XXBTZEUR
2024-11-19 20:00:00,1732046400,87999.9,88328.0,86465.0,87063.1,87214.5,193.03129275,6103,XXBTZEUR
2024-11-20 00:00:00,1732060800,87063.1,87246.4,86500.0,86993.4,86862.2,20.47868478,1781,XXBTZEUR
2024-11-20 04:00:00,1732075200,86999.0,87825.7,86854.9,87811.1,87398.2,67.23185011,3776,XXBTZEUR
2024-11-20 08:00:00,1732089600,87816.3,88664.6,87792.0,88568.1,88345.6,209.85487513,6938,XXBTZEUR
2024-11-20 12:00:00,1732104000,88568.1,90000.0,88449.7,89999.9,89409.5,464.09416645,11191,XXBTZEUR
2024-11-20 16:00:00,1732118400,90000.0,90046.3,88403.3,89188.6,89325.3,353.22984226,10092,XXBTZEUR
2024-11-20 20:00:00,1732132800,89188.6,89700.0,88837.0,89111.6,89078.1,249.03712747,6843,XXBTZEUR
2024-11-21 00:00:00,1732147200,89119.7,90730.9,89104.4,90626.7,90073.7,193.04479183,5251,XXBTZEUR
2024-11-21 04:00:00,1732161600,90626.8,92220.4,90626.7,91735.3,91614.5,468.19624063,14192,XXBTZEUR
2024-11-21 08:00:00,1732176000,91735.3,93250.0,91688.2,92999.9,92489.3,530.72835072,15517,XXBTZEUR
2024-11-21 12:00:00,1732190400,93000.0,93193.7,90800.1,91907.1,92231.2,409.3464896,12315,XXBTZEUR
2024-11-21 16:00:00,1732204800,91907.2,94246.6,91633.1,93101.9,93409.4,506.59195042,12841,XXBTZEUR
2024-11-21 20:00:00,1732219200,93101.9,93900.0,92915.6,93654.6,93429.5,246.62138938,8567,XXBTZEUR
2024-11-22 00:00:00,1732233600,93645.1,94400.0,93165.7,94130.0,93873.5,100.98460142,3765,XXBTZEUR
2024-11-22 04:00:00,1732248000,94130.0,94586.3,93897.5,94315.8,94363.6,169.97120825,8928,XXBTZEUR
2024-11-22 08:00:00,1732262400,94315.8,94780.4,93956.3,94697.0,94383.6,370.32022619,13005,XXBTZEUR
2024-11-22 12:00:00,1732276800,94697.0,94905.0,93300.0,94778.9,94131.1,299.82442374,10853,XXBTZEUR
2024-11-22 16:00:00,1732291200,94770.0,95497.1,94362.1,95036.0,95069.9,400.97739198,10192,XXBTZEUR
2024-11-22 20:00:00,1732305600,95036.1,95399.9,94520.0,94812.3,94872.8,100.60735735,5356,XXBTZEUR
2024-11-23 00:00:00,1732320000,94819.5,94824.0,94077.0,94389.7,94361.3,80.55912445,3371,XXBTZEUR
2024-11-23 04:00:00,1732334400,94389.7,94544.6,94030.0,94208.0,94363.6,42.52231484,3623,XXBTZEUR
2024-11-23 08:00:00,1732348800,94208.0,94266.0,94030.0,94176.5,94139.2,150.29909881,5134,XXBTZEUR
2024-11-23 12:00:00,1732363200,94176.4,94579.1,94163.6,94170.7,94353.2,71.8887984,5024,XXBTZEUR
2024-11-23 16:00:00,1732377600,94170.8,94170.8,93027.1,93160.9,93503.8,181.34621201,7297,XXBTZEUR
2024-11-23 20:00:00,1732392000,93160.9,93633.0,92815.4,93311.2,93178.3,85.6936715,4690,XXBTZEUR
2024-11-24 00:00:00,1732406400,93311.3,94074.0,93243.3,93771.1,93795.9,25.99847715,2119,XXBTZEUR
2024-11-24 04:00:00,1732420800,93771.1,94074.0,93599.8,94074.0,93889.9,16.01248892,2163,XXBTZEUR
2024-11-24 08:00:00,1732435200,94073.9,94074.0,93006.6,93022.1,93536.4,56.15229959,4789,XXBTZEUR
2024-11-24 12:00:00,1732449600,93022.1,93300.0,91532.1,91532.2,92397.7,231.85989858,9522,XXBTZEUR
2024-11-24 16:00:00,1732464000,91532.2,92200.0,91333.0,92056.1,91785.8,218.60865604,7564,XXBTZEUR
2024-11-24 20:00:00,1732478400,92056.0,93736.2,91922.6,93396.0,92869.4,143.16187799,5583,XXBTZEUR
2024-11-25 00:00:00,1732492800,93396.0,93499.9,92487.5,93316.5,93027.0,27.44606082,2002,XXBTZEUR
2024-11-25 04:00:00,1732507200,93316.5,93861.5,93104.3,93800.0,93611.2,78.91087303,4601,XXBTZEUR
2024-11-25 08:00:00,1732521600,93800.0,94289.0,93600.0,93699.9,94095.8,292.74696761,9203,XXBTZEUR
2024-11-25 12:00:00,1732536000,93699.9,93789.0,90014.3,91500.0,91942.3,450.5073478,13538,XXBTZEUR
2024-11-25 16:00:00,1732550400,91500.1,91937.9,89845.2,90096.8,90868.0,210.28948869,8783,XXBTZEUR
2024-11-25 20:00:00,1732564800,90096.8,90755.9,88111.1,88997.3,89340.1,460.20880139,10719,XXBTZEUR
2024-11-26 00:00:00,1732579200,88997.2,90728.0,88675.4,90165.3,89794.8,67.81657244,2533,XXBTZEUR
2024-11-26 04:00:00,1732593600,90165.3,90657.3,89252.4,89510.9,89882.5,61.12817411,4365,XXBTZEUR
2024-11-26 08:00:00,1732608000,89510.9,89510.9,86800.0,87702.5,87952.6,469.18651361,14596,XXBTZEUR
2024-11-26 12:00:00,1732622400,87702.5,89062.6,87079.6,88560.2,88049.0,243.66616569,10260,XXBTZEUR
2024-11-26 16:00:00,1732636800,88560.2,90271.4,87418.2,87526.0,89101.6,182.9634719,8802,XXBTZEUR
2024-11-26 20:00:00,1732651200,87536.1,88000.0,86628.5,87586.8,87210.3,136.97661293,6343,XXBTZEUR
2024-11-27 00:00:00,1732665600,87593.2,88612.1,87430.1,88273.1,88154.9,28.96936529,1886,XXBTZEUR
2024-11-27 04:00:00,1732680000,88273.1,89199.9,88087.2,89189.4,88900.2,155.1595395,4602,XXBTZEUR
2024-11-27 08:00:00,1732694400,89189.4,89225.2,88599.0,88709.5,88949.9,148.06101227,6906,XXBTZEUR
2024-11-27 12:00:00,1732708800,88709.5,90701.0,88205.1,90504.7,89557.1,236.52016204,7696,XXBTZEUR
2024-11-27 16:00:00,1732723200,90504.1,91607.4,90147.8,91607.4,90881.7,358.85739159,7603,XXBTZEUR
2024-11-27 20:00:00,1732737600,91607.3,92139.1,90702.1,90828.1,91423.3,236.88688155,5596,XXBTZEUR
2024-11-28 00:00:00,1732752000,90828.1,91533.7,89950.0,90547.9,90673.8,46.06006008,2303,XXBTZEUR
2024-11-28 04:00:00,1732766400,90530.6,90899.9,90180.0,90461.5,90649.9,43.51479333,3093,XXBTZEUR
2024-11-28 08:00:00,1732780800,90461.6,90795.6,89795.4,90518.4,90275.8,114.0697561,5128,XXBTZEUR
2024-11-28 12:00:00,1732795200,90518.4,91200.0,90000.0,90027.2,90489.5,144.37548892,5447,XXBTZEUR
2024-11-28 16:00:00,1732809600,90034.3,90400.1,89878.1,90101.4,90139.4,63.25149818,4096,XXBTZEUR
2024-11-28 20:00:00,1732824000,90101.4,90900.0,89725.0,90557.5,90298.6,87.44423069,3241,XXBTZEUR
2024-11-29 00:00:00,1732838400,90557.5,91604.7,90298.8,91336.1,91107.7,56.73841209,1691,XXBTZEUR
2024-11-29 04:00:00,1732852800,91332.8,91358.4,90387.2,90398.1,90734.6,44.16227583,3069,XXBTZEUR
2024-11-29 08:00:00,1732867200,90398.1,92226.9,90393.8,92115.4,91385.5,113.49047792,5955,XXBTZEUR
2024-11-29 12:00:00,1732881600,92115.4,93433.2,91658.0,92943.1,92641.0,222.21764981,7468,XXBTZEUR
2024-11-29 16:00:00,1732896000,92945.4,93420.5,91692.0,92070.0,92322.8,167.4488738,5144,XXBTZEUR
2024-11-29 20:00:00,1732910400,92085.9,92267.0,91800.2,92169.3,92115.4,59.2810254,2998,XXBTZEUR
2024-11-30 00:00:00,1732924800,92169.4,92172.0,91122.1,91382.0,91565.0,43.50973757,1878,XXBTZEUR
2024-11-30 04:00:00,1732939200,91382.0,91874.6,91260.0,91485.6,91570.6,44.30620741,2440,XXBTZEUR
2024-11-30 08:00:00,1732953600,91485.6,91671.3,90790.0,90927.1,91084.2,81.73083176,3937,XXBTZEUR
2024-11-30 12:00:00,1732968000,90927.1,91379.3,90900.1,91301.4,91191.8,54.68153909,3286,XXBTZEUR
2024-11-30 16:00:00,1732982400,91301.3,91734.7,91206.0,91702.1,91549.0,29.32630419,2989,XXBTZEUR
2024-11-30 20:00:00,1732996800,91702.2,91737.1,91038.9,91134.5,91337.2,38.31441595,2811,XXBTZEUR
2024-12-01 00:00:00,1733011200,91134.5,91351.3,90531.6,91057.9,90834.0,27.23054007,1625,XXBTZEUR
2024-12-01 04:00:00,1733025600,91063.3,91245.2,90944.9,91162.0,91132.7,8.13817957,1809,XXBTZEUR
2024-12-01 08:00:00,1733040000,91162.0,91964.8,91161.9,91794.8,91593.9,63.22386269,3826,XXBTZEUR
2024-12-01 12:00:00,1733054400,91794.8,92000.0,91406.5,91715.1,91776.6,64.90920059,3417,XXBTZEUR
2024-12-01 16:00:00,1733068800,91715.1,92039.4,91558.6,91737.2,91851.6,64.24480064,4382,XXBTZEUR
2024-12-01 20:00:00,1733083200,91737.1,92566.9,91336.6,92133.0,92024.0,62.04289859,4813,XXBTZEUR
2024-12-02 00:00:00,1733097600,92128.3,93000.0,91597.4,91630.0,92395.8,49.62677499,3195,XXBTZEUR
2024-12-02 04:00:00,1733112000,91630.0,92129.5,91009.8,91356.2,91476.3,55.80153334,4575,XXBTZEUR
2024-12-02 08:00:00,1733126400,91359.2,91371.4,90167.8,90338.4,90565.7,163.4498515,9319,XXBTZEUR
2024-12-02 12:00:00,1733140800,90341.8,92799.9,90206.5,92775.0,91615.9,175.76599943,9274,XXBTZEUR
2024-12-02 16:00:00,1733155200,92758.5,92998.7,90000.0,91250.9,91389.0,158.89902317,7890,XXBTZEUR
2024-12-02 20:00:00,1733169600,91250.9,91721.8,90554.0,91261.7,91261.0,76.27678549,4502,XXBTZEUR
2024-12-03 00:00:00,1733184000,91259.9,91706.4,90909.1,91530.8,91350.5,34.42947953,2452,XXBTZEUR
2024-12-03 04:00:00,1733198400,91520.8,91705.0,90750.0,91001.7,91267.6,24.08271024,3363,XXBTZEUR
2024-12-03 08:00:00,1733212800,90999.1,91035.1,90000.0,90265.1,90529.6,119.5722129,7530,XXBTZEUR
2024-12-03 12:00:00,1733227200,90265.0,91666.0,88930.8,91001.5,90208.8,207.58454337,9331,XXBTZEUR
2024-12-03 16:00:00,1733241600,91001.4,91533.9,90283.9,90879.0,90809.8,91.87704038,4718,XXBTZEUR
2024-12-03 20:00:00,1733256000,90886.2,91471.3,90743.2,91239.3,91148.0,79.51780916,4073,XXBTZEUR
2024-12-04 00:00:00,1733270400,91233.0,91899.0,90760.0,91287.4,91487.7,44.96693725,2222,XXBTZEUR
2024-12-04 04:00:00,1733284800,91287.4,92071.6,91171.2,91988.4,91865.6,178.80967998,4150,XXBTZEUR
2024-12-04 08:00:00,1733299200,91988.4,92385.0,91612.7,91631.5,92073.6,100.00096221,6082,XXBTZEUR
2024-12-04 12:00:00,1733313600,91617.0,92000.0,90867.2,91009.0,91300.4,289.04512104,6757,XXBTZEUR
2024-12-04 16:00:00,1733328000,91009.1,92491.0,89956.4,92491.0,91109.4,179.7879021,6938,XXBTZEUR
2024-12-04 20:00:00,1733342400,92490.9,94151.2,92461.3,93734.9,93565.3,409.03879493,10176,XXBTZEUR
2024-12-05 00:00:00,1733356800,93734.9,98000.0,93135.8,97638.3,95995.1,536.02279204,16841,XXBTZEUR
2024-12-05 04:00:00,1733371200,97638.3,98053.3,95877.0,96871.1,96961.6,448.27342387,19901,XXBTZEUR
2024-12-05 08:00:00,1733385600,96871.1,97938.1,96871.0,97325.9,97366.1,424.08726434,13734,XXBTZEUR
2024-12-05 12:00:00,1733400000,97326.0,97900.0,95611.2,95921.2,97321.8,432.08157105,11548,XXBTZEUR
2024-12-05 16:00:00,1733414400,95899.1,96581.8,93197.3,93559.8,95321.2,252.35967054,9605,XXBTZEUR
2024-12-05 20:00:00,1733428800,93543.1,93938.4,86600.0,91721.5,91473.5,544.92947913,15674,XXBTZEUR
2024-12-06 00:00:00,1733443200,91721.6,93500.0,91211.6,92454.6,92279.4,68.70751266,3229,XXBTZEUR
2024-12-06 04:00:00,1733457600,92464.3,93040.3,92187.1,92821.1,92723.8,46.55861613,4523,XXBTZEUR
2024-12-06 08:00:00,1733472000,92843.4,93360.8,92495.4,92691.0,92829.6,124.15914136,7136,XXBTZEUR
2024-12-06 12:00:00,1733486400,92689.3,94319.9,92178.1,94099.8,93103.8,243.42370714,7844,XXBTZEUR
2024-12-06 16:00:00,1733500800,94099.9,96488.1,93609.7,96167.8,95524.6,234.98447362,7409,XXBTZEUR
2024-12-06 20:00:00,1733515200,96167.8,96500.0,93850.1,94414.3,95555.8,158.8128209,5345,XXBTZEUR
2024-12-07 00:00:00,1733529600,94416.5,95054.5,94059.0,94059.1,94680.7,32.39851062,1744,XXBTZEUR
2024-12-07 04:00:00,1733544000,94059.0,94379.6,93710.0,94180.1,94078.1,16.75273409,2253,XXBTZEUR
2024-12-07 08:00:00,1733558400,94180.1,94492.2,94079.9,94326.9,94272.9,47.49249322,3277,XXBTZEUR
2024-12-07 12:00:00,1733572800,94326.9,94326.9,93760.0,94200.0,93989.2,47.99858846,3232,XXBTZEUR
2024-12-07 16:00:00,1733587200,94200.0,94844.4,94054.6,94690.3,94517.2,49.0537648,3247,XXBTZEUR
2024-12-07 20:00:00,1733601600,94692.4,94911.0,94200.0,94367.3,94613.7,37.17139682,2648,XXBTZEUR
2024-12-08 00:00:00,1733616000,94367.3,94758.8,94273.0,94417.5,94377.5,12.50239459,1314,XXBTZEUR
2024-12-08 04:00:00,1733630400,94417.5,94499.9,93900.0,94237.2,94235.3,20.43834674,2625,XXBTZEUR
2024-12-08 08:00:00,1733644800,94237.2,94420.5,93374.7,94332.7,93902.5,56.11630236,4046,XXBTZEUR
2024-12-08 12:00:00,1733659200,94332.7,95000.0,94030.9,94529.2,94641.6,64.14032767,3461,XXBTZEUR
2024-12-08 16:00:00,1733673600,94529.1,94676.4,93800.0,94348.1,94131.8,147.05768981,5334,XXBTZEUR
2024-12-08 20:00:00,1733688000,94286.7,95785.4,94199.3,95578.5,94931.2,65.93756988,3665,XXBTZEUR
2024-12-09 00:00:00,1733702400,95578.6,95687.7,93430.0,93964.2,94359.0,45.6953799,2465,XXBTZEUR
2024-12-09 04:00:00,1733716800,93964.2,94440.3,93238.9,94221.1,93899.1,64.91162485,5065,XXBTZEUR
2024-12-09 08:00:00,1733731200,94225.6,94388.3,92651.4,92753.9,93226.4,134.9286669,9155,XXBTZEUR
2024-12-09 12:00:00,1733745600,92745.4,94911.0,92102.0,92350.0,93421.6,201.25918854,8947,XXBTZEUR
2024-12-09 16:00:00,1733760000,92342.2,92992.9,91822.0,91893.1,92470.2,151.8725821,7308,XXBTZEUR
2024-12-09 20:00:00,1733774400,91893.0,92465.3,89094.2,92350.5,91221.4,284.77409488,15221,XXBTZEUR
2024-12-10 00:00:00,1733788800,92303.9,93000.0,90639.7,91844.1,92223.7,49.08483404,3386,XXBTZEUR
2024-12-10 04:00:00,1733803200,91844.1,92363.6,90930.2,92170.3,91731.8,65.04996922,4372,XXBTZEUR
2024-12-10 08:00:00,1733817600,92170.3,93000.0,92016.0,92894.1,92625.4,94.85597705,6456,XXBTZEUR
2024-12-10 12:00:00,1733832000,92873.4,93418.3,91126.5,91176.5,92572.8,167.47112709,7617,XXBTZEUR
2024-12-10 16:00:00,1733846400,91176.5,91851.5,89725.3,91155.5,90613.8,219.13942419,11668,XXBTZEUR
2024-12-10 20:00:00,1733860800,91134.7,92417.8,90894.0,91882.6,91893.1,154.42495773,5483,XXBTZEUR
2024-12-11 00:00:00,1733875200,91882.6,92691.0,90963.7,92583.0,92073.6,58.72856054,2667,XXBTZEUR
2024-12-11 04:00:00,1733889600,92572.2,93000.0,92376.2,92882.1,92779.8,41.44087118,3722,XXBTZEUR
2024-12-11 08:00:00,1733904000,92882.1,93789.9,92815.9,93670.8,93497.7,144.26213074,7087,XXBTZEUR
2024-12-11 12:00:00,1733918400,93670.8,96011.0,93454.7,95766.4,94857.4,267.11904529,7688,XXBTZEUR
2024-12-11 16:00:00,1733932800,95766.4,96421.0,94959.5,96376.0,95842.7,274.32046556,6236,XXBTZEUR
2024-12-11 20:00:00,1733947200,96376.0,96969.7,96107.7,96240.7,96524.9,159.42681323,4743,XXBTZEUR
2024-12-12 00:00:00,1733961600,96240.8,96892.9,95536.1,96178.9,96427.9,154.60809238,2273,XXBTZEUR
2024-12-12 04:00:00,1733976000,96178.9,96352.6,95466.4,95537.5,95797.7,49.62554694,3066,XXBTZEUR
2024-12-12 08:00:00,1733990400,95538.1,96215.1,95453.7,95539.9,95816.5,105.08743768,4920,XXBTZEUR
2024-12-12 12:00:00,1734004800,95540.0,97249.3,95539.9,97199.9,96606.9,207.30785297,6764,XXBTZEUR
2024-12-12 16:00:00,1734019200,97199.9,97674.6,94750.0,94932.3,96331.6,236.33121539,8366,XXBTZEUR
2024-12-12 20:00:00,1734033600,94932.3,95925.0,94929.4,95485.1,95469.9,64.45269923,3545,XXBTZEUR
2024-12-13 00:00:00,1734048000,95459.2,95778.0,94810.0,95311.8,95361.9,16.79581581,1536,XXBTZEUR
2024-12-13 04:00:00,1734062400,95311.8,95785.5,95114.5,95723.2,95444.1,18.91837793,2426,XXBTZEUR
2024-12-13 08:00:00,1734076800,95723.2,95971.1,95210.9,95740.0,95691.8,106.47488382,4641,XXBTZEUR
2024-12-13 12:00:00,1734091200,95740.1,96594.4,95106.1,95231.7,95945.8,169.12388674,6011,XXBTZEUR
2024-12-13 16:00:00,1734105600,95231.6,97000.0,95197.5,96693.4,96525.1,152.22998695,5193,XXBTZEUR
2024-12-13 20:00:00,1734120000,96693.5,97000.0,96292.8,96600.9,96587.6,61.94231889,2868,XXBTZEUR
2024-12-14 00:00:00,1734134400,96600.9,97640.0,96328.9,97173.0,97189.6,39.89299288,2267,XXBTZEUR
2024-12-14 04:00:00,1734148800,97173.0,97202.0,96720.3,96881.6,96937.8,43.27200378,1963,XXBTZEUR
2024-12-14 08:00:00,1734163200,96912.3,96948.2,96434.8,96678.1,96712.1,28.00444235,2868,XXBTZEUR
2024-12-14 12:00:00,1734177600,96677.8,96833.7,96000.0,96740.9,96479.9,40.87368616,3144,XXBTZEUR
2024-12-14 16:00:00,1734192000,96740.9,96800.0,96000.0,96467.2,96384.6,31.82657235,2997,XXBTZEUR
2024-12-14 20:00:00,1734206400,96467.1,96545.0,95860.0,96510.9,96180.7,36.05423098,2378,XXBTZEUR
2024-12-15 00:00:00,1734220800,96511.0,97199.8,96403.0,96790.1,96961.5,38.00352481,1616,XXBTZEUR
2024-12-15 04:00:00,1734235200,96790.1,97777.0,96613.9,96786.0,97328.2,43.21970132,2432,XXBTZEUR
2024-12-15 08:00:00,1734249600,96786.0,97699.0,96660.1,97698.9,97320.6,53.44305271,3194,XXBTZEUR
2024-12-15 12:00:00,1734264000,97699.0,98173.5,97499.9,97651.7,97881.0,142.66771652,5220,XXBTZEUR
2024-12-15 16:00:00,1734278400,97651.8,98300.0,97553.6,98063.4,98047.3,96.84818472,4402,XXBTZEUR
2024-12-15 20:00:00,1734292800,98067.1,99550.0,97539.7,98902.1,98737.6,226.40071445,7644,XXBTZEUR
2024-12-16 00:00:00,1734307200,98902.1,100000.0,98855.4,99153.0,99495.4,414.36014574,12051,XXBTZEUR
2024-12-16 04:00:00,1734321600,99153.0,100000.0,98968.3,99800.9,99785.0,120.20114549,5210,XXBTZEUR
2024-12-16 08:00:00,1734336000,99801.0,99809.5,98803.2,98814.7,99442.0,203.57361049,8300,XXBTZEUR
2024-12-16 12:00:00,1734350400,98814.7,101423.8,98400.0,101124.7,100199.6,530.55258877,13129,XXBTZEUR
2024-12-16 16:00:00,1734364800,101118.8,102395.6,100203.7,101030.1,101504.0,455.58713297,13156,XXBTZEUR
2024-12-16 20:00:00,1734379200,101030.1,101067.4,100085.0,100539.8,100576.6,204.63679547,6244,XXBTZEUR
2024-12-17 00:00:00,1734393600,100539.8,101595.1,100229.9,101559.1,100929.5,70.29564709,2691,XXBTZEUR
2024-12-17 04:00:00,1734408000,101555.6,101825.0,101130.8,101707.5,101497.7,67.64303483,3851,XXBTZEUR
2024-12-17 08:00:00,1734422400,101706.3,102379.9,101553.6,101700.3,102079.3,158.19261512,7193,XXBTZEUR
2024-12-17 12:00:00,1734436800,101700.2,102888.0,100525.9,101370.2,101732.2,495.70389188,12297,XXBTZEUR
2024-12-17 16:00:00,1734451200,101363.5,102433.6,100746.0,101344.8,101542.9,576.32968731,11461,XXBTZEUR
2024-12-17 20:00:00,1734465600,101344.7,101735.3,100383.5,101091.5,101155.3,338.46949344,7822,XXBTZEUR
2024-12-18 00:00:00,1734480000,101091.5,101380.0,99528.0,99711.2,100104.1,77.89195609,3424,XXBTZEUR
2024-12-18 04:00:00,1734494400,99711.2,99711.2,98200.0,99297.0,98908.8,117.15237995,6343,XXBTZEUR
2024-12-18 08:00:00,1734508800,99297.0,99995.7,98874.0,99995.7,99406.0,170.6531206,6469,XXBTZEUR
2024-12-18 12:00:00,1734523200,99992.2,100249.2,98805.0,99638.8,99679.1,118.68154819,6480,XXBTZEUR
2024-12-18 16:00:00,1734537600,99638.8,100101.0,98652.1,98947.6,99532.0,127.37987811,5548,XXBTZEUR
2024-12-18 20:00:00,1734552000,98918.0,99003.2,96690.0,96776.9,97635.2,228.21982414,11166,XXBTZEUR
2024-12-19 00:00:00,1734566400,96778.5,97550.0,95119.0,97531.1,96147.1,141.42181666,4926,XXBTZEUR
2024-12-19 04:00:00,1734580800,97531.1,97820.0,97017.0,97800.1,97480.3,63.92037905,4696,XXBTZEUR
2024-12-19 08:00:00,1734595200,97800.1,98477.9,97400.0,98383.1,97785.0,217.21074884,6702,XXBTZEUR
2024-12-19 12:00:00,1734609600,98383.1,98680.0,95701.1,96850.0,97451.7,280.27469544,8305,XXBTZEUR
2024-12-19 16:00:00,1734624000,96850.0,97400.4,92850.0,93701.5,94996.0,321.04008387,14022,XXBTZEUR
2024-12-19 20:00:00,1734638400,93698.8,94896.0,92139.8,94050.0,93497.7,240.0551294,9813,XXBTZEUR
2024-12-20 00:00:00,1734652800,94041.4,94288.1,92600.0,93665.1,93675.0,44.6991075,2512,XXBTZEUR
2024-12-20 04:00:00,1734667200,93681.2,94534.9,92891.8,94128.2,93871.5,58.66176273,4760,XXBTZEUR
2024-12-20 08:00:00,1734681600,94125.6,94189.7,88909.8,89057.0,91082.9,884.01065785,18263,XXBTZEUR
2024-12-20 12:00:00,1734696000,89035.2,93827.3,88593.7,93344.9,91075.8,455.37970727,13900,XXBTZEUR
2024-12-20 16:00:00,1734710400,93326.6,93830.1,92444.0,93046.1,93170.5,143.59051206,5931,XXBTZEUR
2024-12-20 20:00:00,1734724800,93096.0,93844.1,91578.4,93844.0,92957.7,71.41725133,3656,XXBTZEUR
2024-12-21 00:00:00,1734739200,93844.1,93844.1,93320.0,93563.9,93490.7,11.7720747,1024,XXBTZEUR
2024-12-21 04:00:00,1734753600,93564.0,95678.8,93456.4,95200.6,94934.9,121.98759836,3021,XXBTZEUR
2024-12-21 08:00:00,1734768000,95200.6,95270.5,94025.6,94400.1,94620.2,95.9237067,3659,XXBTZEUR
2024-12-21 12:00:00,1734782400,94400.1,94407.8,92592.8,93676.3,93570.6,86.29378697,3680,XXBTZEUR
2024-12-21 16:00:00,1734796800,93671.6,93846.5,92995.1,93396.3,93418.7,28.04485731,2657,XXBTZEUR
2024-12-21 20:00:00,1734811200,93403.1,94148.2,92803.4,93378.5,93523.2,27.48036727,2314,XXBTZEUR
2024-12-22 00:00:00,1734825600,93417.4,93565.6,92768.8,93145.9,93218.7,5.53888101,1134,XXBTZEUR
2024-12-22 04:00:00,1734840000,93138.5,93195.2,92068.6,92279.4,92439.2,52.51401396,1933,XXBTZEUR
2024-12-22 08:00:00,1734854400,92279.4,93440.2,92279.3,93250.1,93023.9,57.70762115,2827,XXBTZEUR
2024-12-22 12:00:00,1734868800,93250.0,93366.7,91189.5,91379.4,91825.9,165.96384397,5348,XXBTZEUR
2024-12-22 16:00:00,1734883200,91379.4,92497.6,90817.2,90850.0,91616.9,94.57673065,4009,XXBTZEUR
2024-12-22 20:00:00,1734897600,90944.5,91760.1,90386.5,91182.7,91175.9,84.7040416,4041,XXBTZEUR
2024-12-23 00:00:00,1734912000,91182.6,91914.6,89800.0,91914.0,90412.4,84.08002511,3562,XXBTZEUR
2024-12-23 04:00:00,1734926400,91913.9,92333.2,90769.6,91525.3,91369.4,35.93915898,3342,XXBTZEUR
2024-12-23 08:00:00,1734940800,91556.0,92746.4,91242.8,92151.2,92125.3,225.62943065,6811,XXBTZEUR
2024-12-23 12:00:00,1734955200,92151.8,92643.1,89513.0,89670.9,91191.1,199.9886,7704,XXBTZEUR
2024-12-23 16:00:00,1734969600,89665.4,90452.5,89044.3,89272.0,89678.3,102.65926366,7572,XXBTZEUR
2024-12-23 20:00:00,1734984000,89272.1,91715.0,88866.7,91100.0,90162.6,145.77187106,5235,XXBTZEUR
2024-12-24 00:00:00,1734998400,91100.0,91127.8,89831.7,90710.9,90587.1,16.93516119,1548,XXBTZEUR
2024-12-24 04:00:00,1735012800,90710.8,90936.1,90150.1,90543.8,90601.2,35.21418267,2426,XXBTZEUR
2024-12-24 08:00:00,1735027200,90543.8,90918.5,90186.2,90675.7,90482.1,113.69983462,5089,XXBTZEUR
2024-12-24 12:00:00,1735041600,90675.8,94500.0,90360.0,94500.0,92731.3,153.10955865,6273,XXBTZEUR
2024-12-24 16:00:00,1735056000,94499.9,95645.9,93842.3,93879.3,94849.4,126.6562649,4424,XXBTZEUR
2024-12-24 20:00:00,1735070400,93879.3,95200.0,93469.3,94853.3,94251.8,73.79311617,2705,XXBTZEUR
2024-12-25 00:00:00,1735084800,94840.8,94965.6,93986.9,94219.2,94292.3,40.55442856,1408,XXBTZEUR
2024-12-25 04:00:00,1735099200,94219.2,94757.6,94077.7,94239.5,94534.6,25.05186221,1752,XXBTZEUR
2024-12-25 08:00:00,1735113600,94239.5,95489.5,94099.4,94158.2,94847.7,57.02023118,3830,XXBTZEUR
2024-12-25 12:00:00,1735128000,94155.1,95000.0,93878.8,94719.8,94618.3,70.27284506,4094,XXBTZEUR
2024-12-25 16:00:00,1735142400,94750.0,95400.0,94415.5,95169.6,94943.2,36.5033225,3637,XXBTZEUR
2024-12-25 20:00:00,1735156800,95169.6,95659.4,94572.0,95526.1,95146.9,47.66800873,2409,XXBTZEUR
2024-12-26 00:00:00,1735171200,95580.2,96031.2,94713.9,95139.3,95455.5,36.36627225,1582,XXBTZEUR
2024-12-26 04:00:00,1735185600,95139.3,95139.3,93953.3,93953.3,94310.3,33.28265018,1935,XXBTZEUR
2024-12-26 08:00:00,1735200000,93953.3,93989.6,91502.0,91950.1,92220.6,113.06081711,5046,XXBTZEUR
2024-12-26 12:00:00,1735214400,91950.1,92398.8,91500.0,92191.6,91880.0,70.19196735,3883,XXBTZEUR
2024-12-26 16:00:00,1735228800,92191.6,92630.6,91600.0,92204.9,92013.0,42.84411544,3012,XXBTZEUR
2024-12-26 20:00:00,1735243200,92200.0,92223.9,91473.2,91791.6,91800.8,57.46080697,2592,XXBTZEUR
2024-12-27 00:00:00,1735257600,91809.0,92500.0,91500.0,92499.8,92108.6,23.52589838,1627,XXBTZEUR
2024-12-27 04:00:00,1735272000,92499.8,92681.3,90901.7,91149.4,91794.4,56.55096836,3454,XXBTZEUR
2024-12-27 08:00:00,1735286400,91149.4,93476.0,91149.4,92792.2,92523.6,98.06857487,5949,XXBTZEUR
2024-12-27 12:00:00,1735300800,92795.1,92834.6,90157.4,90675.6,91487.1,123.56016863,6388,XXBTZEUR
2024-12-27 16:00:00,1735315200,90675.5,91027.4,89677.3,90796.1,90345.6,129.94364749,5899,XXBTZEUR
2024-12-27 20:00:00,1735329600,90826.5,90911.7,90251.0,90372.0,90628.2,38.2856457,3024,XXBTZEUR
2024-12-28 00:00:00,1735344000,90372.0,90670.0,90251.0,90613.4,90458.8,14.1479445,1433,XXBTZEUR
2024-12-28 04:00:00,1735358400,90610.0,90800.0,90334.4,90406.1,90568.7,31.52351509,1866,XXBTZEUR
2024-12-28 08:00:00,1735372800,90405.8,90881.6,90340.8,90769.8,90585.3,68.09240351,3227,XXBTZEUR
2024-12-28 12:00:00,1735387200,90769.9,91215.4,90350.0,90350.4,90724.8,38.39877203,3165,XXBTZEUR
2024-12-28 16:00:00,1735401600,90350.3,91143.8,90340.5,90950.4,90899.9,37.93838468,2779,XXBTZEUR
2024-12-28 20:00:00,1735416000,90950.5,91560.5,90850.0,91224.8,91086.9,29.01136668,2409,XXBTZEUR
2024-12-29 00:00:00,1735430400,91224.8,91256.3,90800.0,91117.0,90981.1,8.20430788,1286,XXBTZEUR
2024-12-29 04:00:00,1735444800,91113.4,91223.0,90944.9,91223.0,91088.3,7.46739291,1359,XXBTZEUR
2024-12-29 08:00:00,1735459200,91223.0,91266.1,90924.1,90929.0,91114.1,131.42546754,2832,XXBTZEUR
2024-12-29 12:00:00,1735473600,90928.9,91021.0,90005.0,90403.8,90578.5,59.78184879,3654,XXBTZEUR
2024-12-29 16:00:00,1735488000,90403.4,90473.1,89400.0,89603.1,89768.6,84.09799083,5499,XXBTZEUR
2024-12-29 20:00:00,1735502400,89603.1,89885.6,89031.6,89712.0,89521.7,59.13737483,4430,XXBTZEUR
2024-12-30 00:00:00,1735516800,89712.0,90160.0,89442.7,89690.8,89798.4,24.33456817,1747,XXBTZEUR
2024-12-30 04:00:00,1735531200,89683.5,89890.0,89216.5,89704.4,89648.0,25.40840258,3137,XXBTZEUR
2024-12-30 08:00:00,1735545600,89708.6,90003.0,89370.0,89700.0,89747.8,90.23107192,6889,XXBTZEUR
2024-12-30 12:00:00,1735560000,89700.0,90080.1,87910.1,88608.2,88789.4,260.96365059,11039,XXBTZEUR
2024-12-30 16:00:00,1735574400,88608.1,90969.0,88369.4,90710.7,89785.8,159.64119706,6519,XXBTZEUR
2024-12-30 20:00:00,1735588800,90728.9,91199.0,88250.2,89089.9,89803.7,133.61918512,4104,XXBTZEUR
2024-12-31 00:00:00,1735603200,89089.9,89152.0,88318.1,88742.0,88715.1,22.7407308,1614,XXBTZEUR
2024-12-31 04:00:00,1735617600,88742.0,89291.0,88663.9,89095.1,89046.7,21.77942071,3077,XXBTZEUR
2024-12-31 08:00:00,1735632000,89095.1,90850.0,89088.7,90410.1,90135.2,99.88684431,5344,XXBTZEUR
2024-12-31 12:00:00,1735646400,90410.1,92606.9,90410.0,92001.9,91772.8,194.35018373,6346,XXBTZEUR
2024-12-31 16:00:00,1735660800,92020.1,92133.1,90000.0,90749.0,90934.6,143.40057423,3551,XXBTZEUR
2024-12-31 20:00:00,1735675200,90748.9,90754.3,89933.1,90106.4,90216.8,58.83016861,2549,XXBTZEUR
2025-01-01 00:00:00,1735689600,90167.3,91000.0,90078.2,90438.1,90317.6,26.21448011,1375,XXBTZEUR
2025-01-01 04:00:00,1735704000,90438.1,90512.1,90186.2,90351.1,90309.0,17.08948437,1564,XXBTZEUR
2025-01-01 08:00:00,1735718400,90351.1,90397.4,89646.2,90160.4,90080.0,36.27280348,3215,XXBTZEUR
2025-01-01 12:00:00,1735732800,90160.4,91098.0,90120.7,91067.8,90668.6,29.82126682,2569,XXBTZEUR
2025-01-01 16:00:00,1735747200,91098.0,91448.9,90411.8,91287.2,90972.5,29.65465951,2738,XXBTZEUR
2025-01-01 20:00:00,1735761600,91287.2,91737.4,91186.0,91186.0,91428.4,33.18941071,2535,XXBTZEUR
2025-01-02 00:00:00,1735776000,91190.3,92098.3,91028.0,91429.2,91653.7,19.14273861,1759,XXBTZEUR
2025-01-02 04:00:00,1735790400,91429.2,92365.1,91423.6,92365.1,92130.8,25.98014742,2927,XXBTZEUR
2025-01-02 08:00:00,1735804800,92365.1,93650.0,92319.2,93540.0,92963.7,191.04303247,6561,XXBTZEUR
2025-01-02 12:00:00,1735819200,93539.9,94377.2,92996.6,93797.8,93632.2,150.92925748,5993,XXBTZEUR
2025-01-02 16:00:00,1735833600,93789.2,95234.5,93710.6,94851.9,94635.5,108.33675121,5849,XXBTZEUR
2025-01-02 20:00:00,1735848000,94854.1,95231.0,94140.1,94390.8,94703.3,64.06815386,3281,XXBTZEUR
2025-01-03 00:00:00,1735862400,94390.5,94647.4,94053.0,94405.8,94345.8,14.91460768,1420,XXBTZEUR
2025-01-03 04:00:00,1735876800,94405.8,94405.8,93558.6,93600.2,93844.8,23.58841356,2879,XXBTZEUR
2025-01-03 08:00:00,1735891200,93600.2,94000.0,93385.4,93907.2,93751.4,106.88543217,4730,XXBTZEUR
2025-01-03 12:00:00,1735905600,93907.2,94953.0,93700.0,94814.9,94131.8,114.47246189,5578,XXBTZEUR
2025-01-03 16:00:00,1735920000,94815.0,96035.1,94707.2,95742.9,95546.9,104.9153014,4869,XXBTZEUR
2025-01-03 20:00:00,1735934400,95744.1,95841.1,95177.5,95225.5,95500.8,40.24884949,2672,XXBTZEUR
2025-01-04 00:00:00,1735948800,95245.7,95364.0,94880.3,95308.7,95074.2,9.43695601,1243,XXBTZEUR
2025-01-04 04:00:00,1735963200,95308.8,95387.0,94972.3,95339.8,95243.5,9.03857316,1338,XXBTZEUR
2025-01-04 08:00:00,1735977600,95371.5,95387.0,94679.5,94988.9,94907.8,40.01083353,2583,XXBTZEUR
2025-01-04 12:00:00,1735992000,94969.8,95180.0,94700.0,94799.8,94970.8,27.04604501,2581,XXBTZEUR
2025-01-04 16:00:00,1736006400,94799.8,95387.0,94707.3,95268.6,95111.6,31.44729985,2290,XXBTZEUR
2025-01-04 20:00:00,1736020800,95268.6,95800.0,95243.4,95293.3,95496.1,23.41469778,2172,XXBTZEUR
2025-01-05 00:00:00,1736035200,95293.8,95465.9,95151.0,95253.4,95293.6,8.96777622,1144,XXBTZEUR
2025-01-05 04:00:00,1736049600,95253.4,95555.0,95253.3,95359.7,95426.8,4.34018387,1234,XXBTZEUR
2025-01-05 08:00:00,1736064000,95359.7,95359.7,94642.7,94743.0,94860.1,30.26387793,2898,XXBTZEUR
2025-01-05 12:00:00,1736078400,94742.9,95307.8,94450.0,95176.8,94899.3,27.69575166,2492,XXBTZEUR
2025-01-05 16:00:00,1736092800,95176.7,95375.0,94701.0,95124.8,95033.2,39.78836397,2422,XXBTZEUR
2025-01-05 20:00:00,1736107200,95124.8,95839.2,95074.6,95431.7,95467.8,33.65793392,2320,XXBTZEUR
2025-01-06 00:00:00,1736121600,95430.2,96143.8,95014.8,95971.6,95730.6,19.74517436,2040,XXBTZEUR
2025-01-06 04:00:00,1736136000,95971.6,96799.9,95971.5,96134.7,96397.8,44.04024345,3441,XXBTZEUR
2025-01-06 08:00:00,1736150400,96141.0,96413.2,95161.9,95236.3,95637.1,77.31623637,5301,XXBTZEUR
2025-01-06 12:00:00,1736164800,95236.3,98580.0,94900.0,98261.6,96695.1,242.93664559,7667,XXBTZEUR
2025-01-06 16:00:00,1736179200,98273.0,98580.0,97555.0,98060.5,98159.7,116.43662394,5596,XXBTZEUR
2025-01-06 20:00:00,1736193600,98035.6,98556.4,97850.0,98412.5,98239.7,71.07745467,3514,XXBTZEUR
2025-01-07 00:00:00,1736208000,98412.5,98908.0,97764.4,97876.7,98465.9,46.82280346,2167,XXBTZEUR
2025-01-07 04:00:00,1736222400,97876.7,98077.2,97608.5,97613.2,97758.2,59.40976796,2619,XXBTZEUR
2025-01-07 08:00:00,1736236800,97628.1,97883.9,96553.1,96856.2,97362.0,108.12533521,5113,XXBTZEUR
2025-01-07 12:00:00,1736251200,96849.7,97103.6,93800.0,94430.1,95695.2,246.2989111,8042,XXBTZEUR
2025-01-07 16:00:00,1736265600,94430.0,94792.7,93051.0,93147.6,93836.5,164.33370653,6769,XXBTZEUR
2025-01-07 20:00:00,1736280000,93147.6,94025.7,92881.8,93801.2,93388.7,95.85858952,4392,XXBTZEUR
2025-01-08 00:00:00,1736294400,93798.9,94020.4,93050.0,93303.2,93682.5,18.9109443,1429,XXBTZEUR
2025-01-08 04:00:00,1736308800,93310.5,93379.4,92100.0,92600.1,92555.2,57.89454703,4284,XXBTZEUR
2025-01-08 08:00:00,1736323200,92600.1,93099.1,92000.0,92441.7,92644.9,141.5537159,5474,XXBTZEUR
2025-01-08 12:00:00,1736337600,92441.8,93174.2,92000.0,92749.9,92602.9,86.47247646,5766,XXBTZEUR
2025-01-08 16:00:00,1736352000,92750.0,92750.0,89901.0,91512.2,91111.3,223.17128802,9750,XXBTZEUR
2025-01-08 20:00:00,1736366400,91512.2,92427.3,90848.0,92219.0,91656.8,48.61711578,3797,XXBTZEUR
2025-01-09 00:00:00,1736380800,92219.0,92468.2,90690.1,91179.6,91597.4,22.95738857,1662,XXBTZEUR
2025-01-09 04:00:00,1736395200,91179.6,91831.0,90555.4,90661.6,91282.9,61.83038807,3276,XXBTZEUR
2025-01-09 08:00:00,1736409600,90661.6,91127.9,90123.3,90716.4,90639.4,103.38586476,6162,XXBTZEUR
2025-01-09 12:00:00,1736424000,90716.5,91858.8,89050.6,91588.1,90237.1,194.73827902,8895,XXBTZEUR
2025-01-09 16:00:00,1736438400,91588.1,91999.9,89333.9,89368.6,90657.1,74.25355198,5200,XXBTZEUR
2025-01-09 20:00:00,1736452800,89368.6,90076.5,88643.2,89936.7,89195.4,105.0346373,6202,XXBTZEUR
2025-01-10 00:00:00,1736467200,89938.4,91031.1,89881.9,91030.5,90425.8,23.28757816,1528,XXBTZEUR
2025-01-10 04:00:00,1736481600,91031.2,92355.6,90900.3,91854.1,91686.7,56.28844801,3625,XXBTZEUR
2025-01-10 08:00:00,1736496000,91845.4,92500.0,91701.9,92320.9,92105.8,102.08694004,7449,XXBTZEUR
2025-01-10 12:00:00,1736510400,92321.0,92384.2,90026.3,91466.8,91397.2,168.4472361,8503,XXBTZEUR
2025-01-10 16:00:00,1736524800,91466.9,93474.4,91114.3,93045.6,92357.9,115.9236798,4500,XXBTZEUR
2025-01-10 20:00:00,1736539200,93045.6,93169.3,92402.0,92503.3,92567.4,21.45367379,2627,XXBTZEUR
2025-01-11 00:00:00,1736553600,92503.3,92503.3,91917.0,91949.0,92109.6,13.38350978,1276,XXBTZEUR
2025-01-11 04:00:00,1736568000,91949.0,92199.5,91629.0,91950.0,92026.4,13.19086144,1672,XXBTZEUR
2025-01-11 08:00:00,1736582400,91950.0,92488.5,91794.3,92360.4,92166.0,18.6577945,2479,XXBTZEUR
2025-01-11 12:00:00,1736596800,92347.9,92373.2,92069.2,92136.1,92186.5,45.9641825,3365,XXBTZEUR
2025-01-11 16:00:00,1736611200,92136.2,92344.3,91770.0,91941.9,92029.7,24.25453699,2613,XXBTZEUR
2025-01-11 20:00:00,1736625600,91941.9,92677.9,91911.5,92251.3,92286.7,16.82757151,2199,XXBTZEUR
2025-01-12 00:00:00,1736640000,92250.5,92341.7,91946.4,92265.2,92119.9,3.89735756,1099,XXBTZEUR
2025-01-12 04:00:00,1736654400,92265.2,92290.6,92000.0,92009.9,92176.9,4.65727627,1337,XXBTZEUR
2025-01-12 08:00:00,1736668800,92009.9,92009.9,91500.0,91938.4,91759.0,24.76299194,2964,XXBTZEUR
2025-01-12 12:00:00,1736683200,91938.4,92998.0,91880.0,92712.9,92444.5,36.11480746,2904,XXBTZEUR
2025-01-12 16:00:00,1736697600,92705.9,92857.1,92235.6,92298.2,92613.4,30.12190749,2487,XXBTZEUR
2025-01-12 20:00:00,1736712000,92298.3,92439.0,91574.5,92249.5,91935.0,32.55181853,2384,XXBTZEUR
2025-01-13 00:00:00,1736726400,92249.6,93599.0,91700.1,92193.5,92441.2,34.13056407,1834,XXBTZEUR
2025-01-13 04:00:00,1736740800,92213.4,92790.5,91241.9,91565.0,91833.2,28.20379197,3613,XXBTZEUR
2025-01-13 08:00:00,1736755200,91565.0,91566.0,89002.0,89060.1,90229.0,165.12347599,10767,XXBTZEUR
2025-01-13 12:00:00,1736769600,89060.1,91164.7,87400.0,90351.1,89044.1,469.74155007,14539,XXBTZEUR
2025-01-13 16:00:00,1736784000,90351.1,90608.0,89393.5,90401.2,90005.3,110.24986557,6201,XXBTZEUR
2025-01-13 20:00:00,1736798400,90416.3,92335.5,90001.9,92100.9,91610.2,79.93421416,3787,XXBTZEUR
2025-01-14 00:00:00,1736812800,92100.9,92944.0,92002.3,92545.0,92397.1,37.54717052,2063,XXBTZEUR
2025-01-14 04:00:00,1736827200,92545.0,93099.1,92434.4,92500.0,92688.9,38.11789462,2944,XXBTZEUR
2025-01-14 08:00:00,1736841600,92500.0,94839.0,92499.9,94131.4,93896.1,159.11735869,6635,XXBTZEUR
2025-01-14 12:00:00,1736856000,94131.4,94665.9,93432.5,93730.1,93952.3,150.87580504,5428,XXBTZEUR
2025-01-14 16:00:00,1736870400,93730.1,94162.9,92736.5,93711.4,93454.2,78.46315945,4074,XXBTZEUR
2025-01-14 20:00:00,1736884800,93715.5,94000.0,93350.1,93689.9,93668.6,28.01351889,2379,XXBTZEUR
2025-01-15 00:00:00,1736899200,93696.1,94600.0,93696.1,94437.0,94262.3,13.3082241,1470,XXBTZEUR
2025-01-15 04:00:00,1736913600,94444.7,94777.0,93920.4,94387.2,94420.5,40.67086415,3191,XXBTZEUR
2025-01-15 08:00:00,1736928000,94387.3,94683.5,93636.8,93900.0,94143.5,58.01847097,4908,XXBTZEUR
2025-01-15 12:00:00,1736942400,93900.0,96527.9,93673.1,96036.0,95562.4,276.64633938,8076,XXBTZEUR
2025-01-15 16:00:00,1736956800,96036.2,97000.0,95868.2,96969.0,96397.6,193.03203313,4814,XXBTZEUR
2025-01-15 20:00:00,1736971200,96969.1,97777.0,96580.4,97499.9,97035.1,113.46405357,4396,XXBTZEUR
2025-01-16 00:00:00,1736985600,97500.0,97796.1,96414.9,96624.0,97168.9,28.3475374,2367,XXBTZEUR
2025-01-16 04:00:00,1737000000,96624.0,97000.0,96553.6,96865.2,96746.3,31.95146343,2886,XXBTZEUR
2025-01-16 08:00:00,1737014400,96876.2,96913.1,95766.4,96353.1,96242.8,127.24362064,5082,XXBTZEUR
2025-01-16 12:00:00,1737028800,96353.1,96862.5,94748.5,96327.0,95884.0,146.8202687,6278,XXBTZEUR
2025-01-16 16:00:00,1737043200,96327.1,97400.0,96276.9,97400.0,96789.3,87.50159653,4851,XXBTZEUR
2025-01-16 20:00:00,1737057600,97400.0,97571.1,96500.0,96994.3,97188.7,65.06639904,3424,XXBTZEUR
2025-01-17 00:00:00,1737072000,96994.3,98888.0,96971.1,98001.9,98164.2,77.29213541,3810,XXBTZEUR
2025-01-17 04:00:00,1737086400,98006.9,98950.1,97938.0,98619.1,98639.0,59.85247514,4260,XXBTZEUR
2025-01-17 08:00:00,1737100800,98619.1,99477.9,98619.0,99285.0,99107.4,167.6635168,7199,XXBTZEUR
2025-01-17 12:00:00,1737115200,99285.1,101000.0,99189.2,100949.9,100176.8,299.79245587,9436,XXBTZEUR
2025-01-17 16:00:00,1737129600,100950.0,102865.1,100915.0,102863.3,101886.8,465.62169363,9918,XXBTZEUR
2025-01-17 20:00:00,1737144000,102863.4,102881.2,101164.0,101164.1,101678.3,193.83909613,6596,XXBTZEUR
2025-01-18 00:00:00,1737158400,101164.1,101644.7,100211.0,100605.0,101122.5,41.62768914,1938,XXBTZEUR
2025-01-18 04:00:00,1737172800,100605.0,100798.5,99600.1,99769.2,100128.5,82.56864633,3994,XXBTZEUR
2025-01-18 08:00:00,1737187200,99769.2,100850.0,99149.9,100636.8,100096.6,100.44950311,4570,XXBTZEUR
2025-01-18 12:00:00,1737201600,100636.8,101777.0,100330.0,101500.0,101002.2,75.59507089,4020,XXBTZEUR
2025-01-18 16:00:00,1737216000,101500.1,101500.1,99969.3,101220.5,100854.9,44.44693892,3673,XXBTZEUR
2025-01-18 20:00:00,1737230400,101223.1,101640.6,100700.0,101466.6,101082.2,29.14095343,2731,XXBTZEUR
2025-01-19 00:00:00,1737244800,101466.6,102179.9,101041.1,101778.4,101681.1,31.6748424,1664,XXBTZEUR
2025-01-19 04:00:00,1737259200,101778.4,102424.0,101173.1,102153.0,102055.0,65.51816999,2599,XXBTZEUR
2025-01-19 08:00:00,1737273600,102153.0,102500.0,100650.0,101500.0,101800.4,112.53710007,6400,XXBTZEUR
2025-01-19 12:00:00,1737288000,101511.6,102750.0,101500.0,102099.9,102196.3,128.57789791,5145,XXBTZEUR
2025-01-19 16:00:00,1737302400,102100.0,103277.0,101749.8,103276.9,102448.3,191.74454977,6166,XXBTZEUR
2025-01-19 20:00:00,1737316800,103277.0,103498.0,96978.3,98550.1,100236.5,497.08743941,15096,XXBTZEUR
2025-01-20 00:00:00,1737331200,98527.6,99250.0,96779.4,98881.0,97825.7,122.36265507,3563,XXBTZEUR
2025-01-20 04:00:00,1737345600,98847.9,105884.0,98510.3,103639.1,103403.7,623.7420909,14318,XXBTZEUR
2025-01-20 08:00:00,1737360000,103651.1,105600.0,103645.0,104686.8,104703.1,416.41147897,13316,XXBTZEUR
2025-01-20 12:00:00,1737374400,104686.9,105076.8,100231.0,100885.6,103164.2,303.55844715,10701,XXBTZEUR
2025-01-20 16:00:00,1737388800,100870.6,102845.4,96800.0,99413.2,99710.7,421.50621097,14460,XXBTZEUR
2025-01-20 20:00:00,1737403200,99468.1,100000.0,97610.0,98011.0,98808.6,170.37489456,4937,XXBTZEUR
2025-01-21 00:00:00,1737417600,98076.7,99223.6,96550.0,99038.1,97590.0,76.03260329,3021,XXBTZEUR
2025-01-21 04:00:00,1737432000,99038.1,99038.1,97351.9,98296.3,98316.7,45.21935176,4384,XXBTZEUR
2025-01-21 08:00:00,1737446400,98296.3,100407.9,98048.8,100205.0,99249.6,103.14178316,6158,XXBTZEUR
2025-01-21 12:00:00,1737460800,100205.1,101245.9,99011.0,99944.3,100079.9,176.07803154,6454,XXBTZEUR
2025-01-21 16:00:00,1737475200,99944.4,102800.0,99853.5,102758.0,101854.8,220.27276186,6204,XXBTZEUR
2025-01-21 20:00:00,1737489600,102761.7,102800.0,101300.1,102008.2,102233.4,95.82021114,3571,XXBTZEUR
2025-01-22 00:00:00,1737504000,102000.7,102049.2,101274.9,101444.1,101608.5,18.60534904,1282,XXBTZEUR
2025-01-22 04:00:00,1737518400,101438.9,101726.4,100882.5,100945.6,101179.9,28.05588034,3199,XXBTZEUR
2025-01-22 08:00:00,1737532800,100945.6,101110.3,100253.1,100618.7,100642.9,73.66162888,4848,XXBTZEUR
2025-01-22 12:00:00,1737547200,100618.7,101152.3,99511.0,100075.2,100350.8,157.21333925,5177,XXBTZEUR
2025-01-22 16:00:00,1737561600,100026.3,100489.0,99223.6,100419.9,99932.8,68.99936043,4198,XXBTZEUR
2025-01-22 20:00:00,1737576000,100429.0,100518.3,99550.1,99650.7,100036.4,39.10614928,2715,XXBTZEUR
2025-01-23 00:00:00,1737590400,99650.7,99731.5,98205.1,98421.3,98926.4,49.2967328,2087,XXBTZEUR
2025-01-23 04:00:00,1737604800,98421.3,98895.8,97650.0,98752.3,98206.9,69.05667551,4294,XXBTZEUR
2025-01-23 08:00:00,1737619200,98752.3,98752.4,97235.9,98000.0,97988.1,155.94859747,5533,XXBTZEUR
2025-01-23 12:00:00,1737633600,98000.0,101830.3,97452.1,101230.1,99863.6,303.08810434,9282,XXBTZEUR
2025-01-23 16:00:00,1737648000,101271.6,102716.8,99285.0,99634.8,101367.4,244.75391033,6471,XXBTZEUR
2025-01-23 20:00:00,1737662400,99634.8,101961.9,98280.0,99803.9,100185.9,294.53807839,6110,XXBTZEUR
2025-01-24 00:00:00,1737676800,99803.9,100031.3,98500.0,99487.9,99270.9,42.50380955,1666,XXBTZEUR
2025-01-24 04:00:00,1737691200,99492.6,100794.3,99423.0,100432.0,100272.9,29.47814738,2865,XXBTZEUR
2025-01-24 08:00:00,1737705600,100432.0,100771.5,100162.1,100561.1,100450.6,62.41085271,4564,XXBTZEUR
2025-01-24 12:00:00,1737720000,100561.3,101396.0,99999.6,100664.4,100687.2,86.37000183,4561,XXBTZEUR
2025-01-24 16:00:00,1737734400,100664.5,101932.4,100466.5,100800.0,101178.0,134.69203358,4009,XXBTZEUR
2025-01-24 20:00:00,1737748800,100800.0,100800.0,99615.8,99954.5,100204.9,95.17459266,3555,XXBTZEUR
2025-01-25 00:00:00,1737763200,99955.0,100321.5,99550.0,100299.8,99772.3,15.43382847,1221,XXBTZEUR
2025-01-25 04:00:00,1737777600,100299.8,100299.8,99383.7,99521.7,99563.2,18.19684427,1802,XXBTZEUR
2025-01-25 08:00:00,1737792000,99521.7,99758.9,99358.1,99754.6,99511.0,26.54736716,2695,XXBTZEUR
2025-01-25 12:00:00,1737806400,99754.6,100000.0,99662.8,99779.1,99844.7,12.08430506,1676,XXBTZEUR
2025-01-25 16:00:00,1737820800,99779.1,100339.8,99779.0,100099.9,100001.7,47.99047326,2077,XXBTZEUR
2025-01-25 20:00:00,1737835200,100100.0,100339.7,99835.8,99857.8,100154.0,20.40203734,1884,XXBTZEUR
2025-01-26 00:00:00,1737849600,99857.8,100339.3,99680.2,100131.4,99940.4,10.69594181,1242,XXBTZEUR
2025-01-26 04:00:00,1737864000,100131.4,100500.0,100097.7,100120.1,100255.9,13.19889913,1442,XXBTZEUR
2025-01-26 08:00:00,1737878400,100120.1,100300.3,99614.9,99953.4,99874.9,30.49860156,2731,XXBTZEUR
2025-01-26 12:00:00,1737892800,99949.7,100143.7,99900.2,100067.2,100005.1,24.68404903,2366,XXBTZEUR
2025-01-26 16:00:00,1737907200,100067.2,100298.8,100000.9,100133.2,100136.6,22.40143538,2604,XXBTZEUR
2025-01-26 20:00:00,1737921600,100133.4,100245.2,98021.0,98048.1,99050.6,81.71917011,3910,XXBTZEUR
2025-01-27 00:00:00,1737936000,98048.1,98685.4,96300.0,96880.1,97248.7,124.236246,4825,XXBTZEUR
2025-01-27 04:00:00,1737950400,96880.1,96880.1,93501.0,94768.1,95092.3,256.2202958,12359,XXBTZEUR
2025-01-27 08:00:00,1737964800,94768.1,94969.0,93650.0,94016.4,94418.7,171.71581997,12659,XXBTZEUR
2025-01-27 12:00:00,1737979200,94016.5,97392.2,93918.2,96433.7,95989.9,205.30015969,9383,XXBTZEUR
2025-01-27 16:00:00,1737993600,96433.7,96483.1,94363.1,95040.0,95123.0,166.35206331,6622,XXBTZEUR
2025-01-27 20:00:00,1738008000,95040.0,97754.0,95040.0,97753.9,96862.6,222.48310698,5047,XXBTZEUR
2025-01-28 00:00:00,1738022400,97754.0,98601.8,97100.2,98395.5,97828.1,43.51602401,1842,XXBTZEUR
2025-01-28 04:00:00,1738036800,98412.8,99082.1,98307.8,98550.6,98778.2,59.0440909,3649,XXBTZEUR
2025-01-28 08:00:00,1738051200,98550.8,98886.4,98117.2,98549.1,98522.1,113.38251884,4980,XXBTZEUR
2025-01-28 12:00:00,1738065600,98549.1,99347.3,97655.6,98530.7,98528.6,134.24374341,4932,XXBTZEUR
2025-01-28 16:00:00,1738080000,98530.7,98857.6,97674.2,98121.1,98208.3,60.15729391,3670,XXBTZEUR
2025-01-28 20:00:00,1738094400,98121.2,98238.9,96120.0,97170.9,96934.7,80.13153117,3975,XXBTZEUR
2025-01-29 00:00:00,1738108800,97170.9,98034.5,97106.3,97746.2,97514.3,10.9740914,1267,XXBTZEUR
2025-01-29 04:00:00,1738123200,97735.0,98580.6,97660.0,98580.5,98108.3,35.77783987,2827,XXBTZEUR
2025-01-29 08:00:00,1738137600,98580.6,98780.0,98200.0,98587.4,98507.5,44.48621814,4205,XXBTZEUR
2025-01-29 12:00:00,1738152000,98587.4,98780.0,97700.0,97869.0,98149.0,70.14501533,4048,XXBTZEUR
2025-01-29 16:00:00,1738166400,97869.1,99674.4,97500.0,99412.8,98447.3,147.02169787,5068,XXBTZEUR
2025-01-29 20:00:00,1738180800,99411.0,100500.0,98714.4,99490.3,99789.2,109.14365068,4402,XXBTZEUR
2025-01-30 00:00:00,1738195200,99502.0,100900.0,99099.0,100859.2,100392.1,34.20257808,1988,XXBTZEUR
2025-01-30 04:00:00,1738209600,100859.2,101299.9,100588.6,100853.6,100967.2,65.86086365,3766,XXBTZEUR
2025-01-30 08:00:00,1738224000,100853.7,101366.1,100731.5,101308.8,101086.5,77.66618988,4769,XXBTZEUR
2025-01-30 12:00:00,1738238400,101308.9,101897.9,100208.0,101217.1,101329.4,177.6834613,5716,XXBTZEUR
2025-01-30 16:00:00,1738252800,101217.1,101677.8,100523.5,101339.8,101121.1,73.74300238,3987,XXBTZEUR
2025-01-30 20:00:00,1738267200,101342.7,101400.0,100700.1,100709.0,101036.0,38.42074078,2734,XXBTZEUR
2025-01-31 00:00:00,1738281600,100711.7,101065.3,100073.9,100466.9,100653.1,46.72044637,1516,XXBTZEUR
2025-01-31 04:00:00,1738296000,100463.2,100776.3,100060.0,100153.2,100374.7,39.69703748,3020,XXBTZEUR
2025-01-31 08:00:00,1738310400,100153.3,101000.0,100115.2,100918.0,100442.6,100.11568973,4788,XXBTZEUR
2025-01-31 12:00:00,1738324800,100914.6,101932.4,100408.0,101390.9,101095.2,89.71595535,4937,XXBTZEUR
2025-01-31 16:00:00,1738339200,101428.9,101579.8,98500.0,98608.0,99816.9,136.82010434,5394,XXBTZEUR
2025-01-31 20:00:00,1738353600,98587.8,98952.3,98000.0,98888.8,98379.7,76.76544649,4248,XXBTZEUR
2025-02-01 00:00:00,1738368000,98888.8,99225.0,98720.0,98720.1,98962.5,15.67255587,1429,XXBTZEUR
2025-02-01 04:00:00,1738382400,98720.1,99038.1,98615.1,98615.1,98857.6,13.52219849,1898,XXBTZEUR
2025-02-01 08:00:00,1738396800,98615.1,98703.5,97971.4,98490.9,98289.4,44.28492714,4049,XXBTZEUR
2025-02-01 12:00:00,1738411200,98490.9,98745.0,98213.2,98554.8,98512.7,25.73231275,3034,XXBTZEUR
2025-02-01 16:00:00,1738425600,98554.8,98743.5,98007.7,98153.8,98412.1,30.20290927,2834,XXBTZEUR
2025-02-01 20:00:00,1738440000,98153.9,98153.9,97100.0,97362.1,97655.9,78.47323054,3905,XXBTZEUR
2025-02-02 00:00:00,1738454400,97362.1,98096.2,96001.3,96017.9,96886.3,55.21725738,2864,XXBTZEUR
2025-02-02 04:00:00,1738468800,96017.9,97255.3,95971.4,96475.1,96458.1,52.07080615,2765,XXBTZEUR
2025-02-02 08:00:00,1738483200,96475.1,96840.6,95393.3,95565.7,96253.3,109.14718445,6219,XXBTZEUR
2025-02-02 12:00:00,1738497600,95565.7,96122.0,94888.0,96038.5,95334.0,119.28702901,6025,XXBTZEUR
2025-02-02 16:00:00,1738512000,96040.9,96054.0,93774.0,95330.9,94579.5,278.36812775,10275,XXBTZEUR
2025-02-02 20:00:00,1738526400,95330.9,95697.1,93939.0,95400.4,94848.0,249.99347606,6792,XXBTZEUR
2025-02-03 00:00:00,1738540800,95400.4,95400.4,89118.4,92111.7,91892.7,462.10012364,14732,XXBTZEUR
2025-02-03 04:00:00,1738555200,92113.6,93499.1,90723.9,93389.1,92212.9,213.2533637,11496,XXBTZEUR
2025-02-03 08:00:00,1738569600,93389.1,93752.8,92773.4,92945.2,93232.1,230.74926634,13530,XXBTZEUR
2025-02-03 12:00:00,1738584000,92945.2,96666.0,91967.2,96110.5,93948.8,344.115009,11493,XXBTZEUR
2025-02-03 16:00:00,1738598400,96110.5,99250.0,95500.2,99250.0,97410.4,277.53539526,10686,XXBTZEUR
2025-02-03 20:00:00,1738612800,99250.0,99319.2,98191.6,98267.5,98841.4,177.52722076,4349,XXBTZEUR
2025-02-04 00:00:00,1738627200,98267.5,98720.2,97654.4,97667.4,98312.5,37.39041064,1606,XXBTZEUR
2025-02-04 04:00:00,1738641600,97667.4,97800.4,95468.5,95567.7,96432.3,103.67739563,5617,XXBTZEUR
2025-02-04 08:00:00,1738656000,95563.7,96374.3,94839.3,96001.0,95438.9,208.25509142,7235,XXBTZEUR
2025-02-04 12:00:00,1738670400,96001.1,97132.0,95000.0,95872.0,96187.2,96.74350233,5770,XXBTZEUR
2025-02-04 16:00:00,1738684800,95872.0,97102.0,95300.0,95300.1,95970.2,64.85331966,4339,XXBTZEUR
2025-02-04 20:00:00,1738699200,95300.1,95750.0,92777.0,94329.8,94052.1,152.09056352,6449,XXBTZEUR
2025-02-05 00:00:00,1738713600,94329.8,95345.7,93672.3,94516.5,94409.6,11.87253578,1628,XXBTZEUR
2025-02-05 04:00:00,1738728000,94510.9,94765.2,93740.8,94170.1,94220.7,20.54105594,3774,XXBTZEUR
2025-02-05 08:00:00,1738742400,94170.9,94405.8,93534.4,94385.8,94010.6,56.07713138,4945,XXBTZEUR
2025-02-05 12:00:00,1738756800,94385.8,95228.7,93900.1,94205.7,94584.1,66.65490967,4819,XXBTZEUR
2025-02-05 16:00:00,1738771200,94205.8,94405.5,92700.0,93600.1,93418.0,69.44679753,5056,XXBTZEUR
2025-02-05 20:00:00,1738785600,93600.1,93953.8,92500.0,92950.0,93090.7,38.43090092,3422,XXBTZEUR
2025-02-06 00:00:00,1738800000,92950.0,93832.9,92811.3,93702.6,93295.1,7.31619507,1382,XXBTZEUR
2025-02-06 04:00:00,1738814400,93702.7,94702.2,93690.1,94619.4,94459.4,24.70362337,3167,XXBTZEUR
2025-02-06 08:00:00,1738828800,94635.3,95708.5,94576.9,95474.6,95113.1,102.52624779,4953,XXBTZEUR
2025-02-06 12:00:00,1738843200,95474.6,95665.7,93619.7,93940.1,94791.6,84.85758537,4981,XXBTZEUR
2025-02-06 16:00:00,1738857600,93948.3,94141.0,92245.4,92500.0,92933.2,91.75104852,5884,XXBTZEUR
2025-02-06 20:00:00,1738872000,92500.1,93511.9,92316.6,93047.5,92941.7,43.2061811,3246,XXBTZEUR
2025-02-07 00:00:00,1738886400,93047.5,94205.6,92994.2,93932.4,93741.2,16.40439598,1638,XXBTZEUR
2025-02-07 04:00:00,1738900800,93934.5,94250.0,93173.8,93182.5,93462.0,35.04183094,3302,XXBTZEUR
2025-02-07 08:00:00,1738915200,93182.5,94222.2,93120.0,94206.0,93744.0,42.92458631,4660,XXBTZEUR
2025-02-07 12:00:00,1738929600,94206.0,96475.2,93926.5,94970.2,95136.0,160.00035489,6345,XXBTZEUR
2025-02-07 16:00:00,1738944000,94988.2,95328.1,93847.2,93880.1,94655.0,75.09813299,3611,XXBTZEUR
2025-02-07 20:00:00,1738958400,93880.1,93880.1,92671.5,93545.4,93062.7,61.77748648,4220,XXBTZEUR
2025-02-08 00:00:00,1738972800,93545.4,93902.1,93402.7,93739.1,93644.9,12.00372025,1297,XXBTZEUR
2025-02-08 04:00:00,1738987200,93739.1,93739.1,92900.0,93276.5,93241.8,10.99396372,2010,XXBTZEUR
2025-02-08 08:00:00,1739001600,93276.6,93351.1,92964.1,93176.0,93141.3,23.50670877,2950,XXBTZEUR
2025-02-08 12:00:00,1739016000,93176.0,93580.0,92843.1,92976.7,93154.6,25.09822188,2959,XXBTZEUR
2025-02-08 16:00:00,1739030400,92974.5,93750.0,92906.5,93640.4,93450.9,31.27328817,2575,XXBTZEUR
2025-02-08 20:00:00,1739044800,93640.4,93733.1,93438.6,93537.6,93570.5,18.47392535,1934,XXBTZEUR
2025-02-09 00:00:00,1739059200,93537.6,94272.4,93496.0,94272.4,93863.0,8.35377193,1228,XXBTZEUR
2025-02-09 04:00:00,1739073600,94279.3,94280.4,93851.3,94093.9,94025.1,4.37599371,1381,XXBTZEUR
2025-02-09 08:00:00,1739088000,94093.9,94250.0,93666.0,93666.1,93932.0,18.30868347,2617,XXBTZEUR
2025-02-09 12:00:00,1739102400,93666.1,93770.0,92888.1,93560.8,93334.2,34.32000068,3216,XXBTZEUR
2025-02-09 16:00:00,1739116800,93555.1,93606.3,93006.0,93141.0,93247.0,29.44162104,2677,XXBTZEUR
2025-02-09 20:00:00,1739131200,93141.0,93749.0,92125.2,93600.1,92715.8,83.49915719,4090,XXBTZEUR
2025-02-10 00:00:00,1739145600,93600.1,94168.0,92522.0,93837.1,93211.2,38.06136271,1774,XXBTZEUR
2025-02-10 04:00:00,1739160000,93837.1,94580.0,93750.0,94509.0,94122.0,59.52810338,4406,XXBTZEUR
2025-02-10 08:00:00,1739174400,94509.0,94909.0,94348.9,94608.0,94647.9,80.12331573,6304,XXBTZEUR
2025-02-10 12:00:00,1739188800,94608.0,95291.7,93970.0,94295.4,94603.5,122.89754954,5045,XXBTZEUR
2025-02-10 16:00:00,1739203200,94294.0,94704.6,94000.1,94520.0,94332.4,38.02248865,3742,XXBTZEUR
2025-02-10 20:00:00,1739217600,94520.0,94611.0,94250.0,94589.0,94438.4,61.62354,2394,XXBTZEUR
2025-02-11 00:00:00,1739232000,94591.5,95200.0,94585.1,94786.1,94913.1,24.17199656,1571,XXBTZEUR
2025-02-11 04:00:00,1739246400,94786.1,95538.0,94702.8,95409.3,95351.4,45.93029874,3283,XXBTZEUR
2025-02-11 08:00:00,1739260800,95409.4,95409.4,94900.0,95140.1,95125.5,74.2636356,4681,XXBTZEUR
2025-02-11 12:00:00,1739275200,95140.1,95140.1,93650.0,93955.8,94351.9,72.4178115,3123,XXBTZEUR
